tollbooth_id,road_name,route_name,tollbooth_name,direction,entrance_or_exit,notes
12-002,首都高速道路,1号羽田線,羽田,上り,出口,
12-003,首都高速道路,1号羽田線,羽田,上り,入口,
12-004,首都高速道路,1号羽田線,羽田,下り,入口,
12-005,首都高速道路,1号羽田線,羽田,下り,出口,
12-006,首都高速道路,1号羽田線,横羽線接続,,出口,
12-007,首都高速道路,1号羽田線,空港西,,入口,
12-009,首都高速道路,1号羽田線,空港西,,出口,
12-010,首都高速道路,1号羽田線,空港西,,出口,
12-011,首都高速道路,1号羽田線,平和島本線,,入口,
12-012,首都高速道路,1号羽田線,平和島本線,,入口,
12-013,首都高速道路,1号羽田線,平和島,上り,入口,
12-015,首都高速道路,1号羽田線,平和島,上り,出口,
12-016,首都高速道路,1号羽田線,平和島,上り,入口,
12-017,首都高速道路,1号羽田線,平和島,下り,出口,
12-019,首都高速道路,1号羽田線,平和島,下り,入口,
12-021,首都高速道路,1号羽田線,鈴ヶ森,,出口,
12-022,首都高速道路,1号羽田線,鈴ヶ森,,出口,
12-023,首都高速道路,1号羽田線,鈴ヶ森,,入口,
12-025,首都高速道路,1号羽田線,勝島,,出口,
12-027,首都高速道路,1号羽田線,勝島,,入口,
12-029,首都高速道路,1号羽田線,芝浦,下り,出口,
12-030,首都高速道路,1号羽田線,芝浦,下り,出口,
12-031,首都高速道路,1号羽田線,芝浦,下り,入口,
12-033,首都高速道路,1号羽田線,芝浦,上り,出口,
12-035,首都高速道路,1号羽田線,芝浦,上り,入口,
12-037,首都高速道路,都心環状線,汐留,,出口,
12-038,首都高速道路,八重洲線,汐留乗継所,,出口,
12-039,首都高速道路,都心環状線,汐留,,入口,
12-040,首都高速道路,八重洲線,汐留乗継所,,出口,
12-043,首都高速道路,都心環状線,銀座,外回り,入口,
12-045,首都高速道路,都心環状線,銀座,外回り,出口,
12-047,首都高速道路,都心環状線,銀座,内回り,入口,
12-049,首都高速道路,都心環状線,銀座,内回り,出口,
12-051,首都高速道路,都心環状線,京橋,,入口,
12-053,首都高速道路,都心環状線,京橋,,出口,
12-055,首都高速道路,都心環状線,宝町,,入口,
12-057,首都高速道路,都心環状線,宝町,,出口,
12-059,首都高速道路,1号上野線,本町,上り,入口,
12-061,首都高速道路,1号上野線,本町,上り,出口,
12-063,首都高速道路,1号上野線,本町,下り,入口,
12-065,首都高速道路,1号上野線,本町,下り,出口,
12-067,首都高速道路,1号上野線,上野,,入口,
12-069,首都高速道路,1号上野線,上野,,出口,
12-071,首都高速道路,1号上野線,北上野本線,,入口,
12-073,首都高速道路,1号上野線,入谷,,出口,
12-075,首都高速道路,都心環状線,新富町,,出口,
12-076,首都高速道路,都心環状線,新富町,,出口,
12-077,首都高速道路,1号羽田線,羽田,上り,入口,
12-079,首都高速道路,1号羽田線,空港西,,入口,
12-080,首都高速道路,1号羽田線,平和島,上り,入口,
12-081,首都高速道路,1号羽田線,平和島,上り,入口,
12-082,首都高速道路,1号羽田線,平和島,上り,出口,
12-089,首都高速道路,都心環状線,芝公園,外回り,出口,
12-091,首都高速道路,都心環状線,芝公園,外回り,入口,
12-093,首都高速道路,都心環状線,芝公園,内回り,出口,
12-095,首都高速道路,都心環状線,芝公園,内回り,入口,
12-097,首都高速道路,2号目黒線,天現寺,,出口,
12-099,首都高速道路,2号目黒線,天現寺,,入口,
12-101,首都高速道路,2号目黒線,目黒,,入口,
12-103,首都高速道路,2号目黒線,白金本線,,入口,
12-104,首都高速道路,2号目黒線,白金本線,,入口,
12-105,首都高速道路,2号目黒線,目黒,,出口,
12-107,首都高速道路,2号目黒線,荏原,,入口,
12-109,首都高速道路,2号目黒線,荏原,,出口,
12-110,首都高速道路,2号目黒線,戸越,,入口,
12-111,首都高速道路,2号目黒線,戸越,,出口,
12-112,首都高速道路,2号目黒線,戸越,,入口,
12-121,首都高速道路,都心環状線,飯倉,,出口,
12-123,首都高速道路,都心環状線,飯倉,,入口,
12-127,首都高速道路,中央環状線,西池袋,,入口,
12-128,首都高速道路,中央環状線,西池袋,外回り,出口,
12-129,首都高速道路,中央環状線,西池袋,内回り,出口,
12-130,首都高速道路,中央環状線,中野長者橋,,入口,
12-131,首都高速道路,中央環状線,中野長者橋,,出口,
12-132,首都高速道路,中央環状線,初台南,,入口,
12-133,首都高速道路,中央環状線,初台南,,出口,
12-134,首都高速道路,中央環状線,富ヶ谷,,入口,
12-135,首都高速道路,中央環状線,富ヶ谷,,出口,
12-136,首都高速道路,中央環状線,五反田,,出口,
12-137,首都高速道路,中央環状線,五反田,,入口,
12-138,首都高速道路,中央環状線,中環大井南,,出口,
12-141,首都高速道路,都心環状線,霞が関,外回り,出口,
12-142,首都高速道路,都心環状線,霞が関,外回り,出口,
12-143,首都高速道路,都心環状線,霞が関,外回り,入口,
12-145,首都高速道路,都心環状線,霞が関,内回り,出口,
12-146,首都高速道路,都心環状線,霞が関,内回り,出口,
12-147,首都高速道路,都心環状線,霞が関,内回り,入口,
12-149,首都高速道路,3号渋谷線,高樹町,,出口,
12-150,首都高速道路,3号渋谷線,高樹町,,出口,
12-151,首都高速道路,3号渋谷線,高樹町,,入口,
12-153,首都高速道路,3号渋谷線,渋谷,上り,出口,
12-155,首都高速道路,3号渋谷線,渋谷,,入口,
12-156,首都高速道路,3号渋谷線,渋谷,下り,入口,
12-157,首都高速道路,3号渋谷線,渋谷,下り,出口,
12-159,首都高速道路,3号渋谷線,池尻,,入口,
12-161,首都高速道路,3号渋谷線,池尻,,出口,
12-163,首都高速道路,3号渋谷線,三軒茶屋,,入口,
12-165,首都高速道路,3号渋谷線,三軒茶屋,,出口,
12-167,首都高速道路,3号渋谷線,用賀本線,,入口,
12-168,首都高速道路,3号渋谷線,用賀本線,,入口,
12-169,首都高速道路,3号渋谷線,用賀,,入口,
12-171,首都高速道路,3号渋谷線,用賀,,出口,
12-173,首都高速道路,3号渋谷線,東名接続,,出口,
12-174,首都高速道路,3号渋谷線,東名接続,,入口,
12-175,首都高速道路,3号渋谷線,東名接続,,出口,
12-176,首都高速道路,3号渋谷線,東名接続,,入口,
12-185,首都高速道路,都心環状線,江戸橋,,出口,
12-187,首都高速道路,都心環状線,江戸橋,,入口,
12-189,首都高速道路,都心環状線,呉服橋,,出口,
12-191,首都高速道路,都心環状線,呉服橋,,入口,
12-193,首都高速道路,都心環状線,北の丸,,出口,
12-195,首都高速道路,八重洲線,八重洲,外回り,入口,
12-196,首都高速道路,八重洲線,八重洲,外回り,出口,
12-197,首都高速道路,八重洲線,八重洲,外回り,出口,
12-198,首都高速道路,八重洲線,八重洲,内回り,出口,
12-199,首都高速道路,八重洲線,八重洲,内回り,入口,
12-200,首都高速道路,八重洲線,八重洲,内回り,出口,
12-201,首都高速道路,八重洲線,丸の内,,出口,
12-203,首都高速道路,八重洲線,常盤橋,,入口,
12-204,首都高速道路,八重洲線,常盤橋,,出口,
12-205,首都高速道路,都心環状線,神田橋,外回り,出口,
12-207,首都高速道路,都心環状線,神田橋,外回り,入口,
12-209,首都高速道路,都心環状線,神田橋,内回り,出口,
12-211,首都高速道路,都心環状線,神田橋,内回り,入口,
12-213,首都高速道路,都心環状線,代官町,,出口,
12-215,首都高速道路,都心環状線,代官町,,入口,
12-217,首都高速道路,4号新宿線,外苑,上り,出口,
12-219,首都高速道路,4号新宿線,外苑,上り,入口,
12-221,首都高速道路,4号新宿線,外苑,下り,出口,
12-223,首都高速道路,4号新宿線,外苑,下り,入口,
12-225,首都高速道路,4号新宿線,代々木,,出口,
12-227,首都高速道路,4号新宿線,代々木,,入口,
12-229,首都高速道路,4号新宿線,新宿,,出口,
12-230,首都高速道路,4号新宿線,新宿,,出口,
12-231,首都高速道路,4号新宿線,新宿,,入口,
12-233,首都高速道路,4号新宿線,幡ヶ谷,,出口,
12-235,首都高速道路,4号新宿線,初台,,入口,
12-237,首都高速道路,4号新宿線,初台,,出口,
12-239,首都高速道路,4号新宿線,幡ヶ谷,,入口,
12-241,首都高速道路,4号新宿線,永福,下り,出口,
12-243,首都高速道路,4号新宿線,永福,上り,入口,
12-245,首都高速道路,4号新宿線,永福,上り,出口,
12-247,首都高速道路,4号新宿線,永福,下り,入口,
12-249,首都高速道路,4号新宿線,高井戸,,入口,
12-251,首都高速道路,4号新宿線,永福本線,,入口,
12-252,首都高速道路,4号新宿線,永福本線,,入口,
12-253,首都高速道路,4号新宿線,高井戸,,出口,
12-255,首都高速道路,中央環状線,王子北,,入口,
12-256,首都高速道路,中央環状線,王子南,,出口,
12-257,首都高速道路,4号新宿線,中央道接続,,出口,
12-258,首都高速道路,4号新宿線,中央道接続,,入口,
12-259,首都高速道路,4号新宿線,中央道接続,,出口,
12-260,首都高速道路,4号新宿線,中央道接続,,入口,
12-261,首都高速道路,中央環状線,王子北,,出口,
12-262,首都高速道路,中央環状線,王子南,,入口,
12-263,首都高速道路,中央環状線,滝野川,,入口,
12-265,首都高速道路,中央環状線,新板橋,,出口,
12-267,首都高速道路,5号池袋線,美女木,上り,入口,
12-269,首都高速道路,5号池袋線,美女木,下り,出口,
12-270,首都高速道路,5号池袋線,埼玉線接続,,出口,
12-271,首都高速道路,5号池袋線,戸田南,,入口,
12-273,首都高速道路,5号池袋線,戸田南,,出口,
12-275,首都高速道路,5号池袋線,高島平,,入口,
12-277,首都高速道路,5号池袋線,高島平,,出口,
12-279,首都高速道路,5号池袋線,中台,,入口,
12-281,首都高速道路,中央環状線,高松,,入口,
12-285,首都高速道路,5号池袋線,志村本線,,入口,
12-286,首都高速道路,5号池袋線,志村本線,,入口,
12-287,首都高速道路,5号池袋線,中台,,出口,
12-289,首都高速道路,5号池袋線,板橋本町,下り,入口,
12-291,首都高速道路,5号池袋線,板橋本町,下り,出口,
12-293,首都高速道路,5号池袋線,板橋本町,上り,入口,
12-295,首都高速道路,5号池袋線,板橋本町,上り,出口,
12-297,首都高速道路,5号池袋線,北池袋,,入口,
12-299,首都高速道路,5号池袋線,北池袋,,出口,
12-301,首都高速道路,5号池袋線,東池袋,,入口,
12-303,首都高速道路,5号池袋線,東池袋,,出口,
12-305,首都高速道路,5号池袋線,護国寺,,入口,
12-307,首都高速道路,5号池袋線,護国寺,,出口,
12-308,首都高速道路,5号池袋線,護国寺,,出口,
12-309,首都高速道路,5号池袋線,飯田橋,,入口,
12-311,首都高速道路,5号池袋線,飯田橋,,出口,
12-313,首都高速道路,5号池袋線,西神田,,入口,
12-315,首都高速道路,5号池袋線,西神田,,出口,
12-317,首都高速道路,5号池袋線,一ツ橋,,入口,
12-319,首都高速道路,5号池袋線,一ツ橋,,出口,
12-321,首都高速道路,5号池袋線,早稲田,,出口,
12-326,首都高速道路,都心環状線,白魚橋乗継所,,出口,
12-327,首都高速道路,都心環状線,白魚橋,,入口,
12-328,首都高速道路,都心環状線,白魚橋乗継所,,出口,
12-333,首都高速道路,埼玉大宮線,美女木,下り,入口,
12-335,首都高速道路,埼玉大宮線,美女木,上り,出口,
12-337,首都高速道路,八重洲線,西銀座,,入口,
12-338,首都高速道路,八重洲線,西銀座乗継所,,出口,
12-339,首都高速道路,八重洲線,西銀座乗継所,,出口,
12-340,首都高速道路,埼玉大宮線,池袋線接続,,出口,
12-341,首都高速道路,埼玉大宮線,浦和南本線,,入口,
12-342,首都高速道路,埼玉大宮線,浦和南本線,,入口,
12-343,首都高速道路,埼玉大宮線,浦和南,,出口,
12-344,首都高速道路,埼玉大宮線,浦和南,,入口,
12-345,首都高速道路,埼玉大宮線,浦和南,,入口,
12-347,首都高速道路,埼玉大宮線,浦和北,,出口,
12-349,首都高速道路,埼玉大宮線,浦和北,,入口,
12-351,首都高速道路,埼玉大宮線,与野,,入口,
12-353,首都高速道路,埼玉大宮線,与野,,出口,
12-355,首都高速道路,埼玉新都心線,新都心西,上り,入口,
12-356,首都高速道路,埼玉新都心線,新都心西,下り,出口,
12-357,首都高速道路,埼玉新都心線,新都心西,下り,入口,
12-358,首都高速道路,埼玉新都心線,新都心西,上り,出口,
12-359,首都高速道路,埼玉新都心線,新都心,上り,入口,
12-360,首都高速道路,埼玉新都心線,新都心,下り,出口,
12-361,首都高速道路,埼玉新都心線,新都心,下り,入口,
12-362,首都高速道路,埼玉新都心線,新都心,上り,出口,
12-363,首都高速道路,埼玉新都心線,さいたま見沼,,入口,
12-364,首都高速道路,埼玉新都心線,さいたま見沼,,出口,
12-365,首都高速道路,湾岸線,臨海副都心,,出口,
12-366,首都高速道路,湾岸線,臨海副都心,,出口,
12-367,首都高速道路,湾岸線,臨海副都心,,入口,
12-368,首都高速道路,湾岸線,臨海副都心,,入口,
12-369,首都高速道路,湾岸線,大井,,出口,
12-371,首都高速道路,湾岸線,大井,,入口,
12-372,首都高速道路,湾岸線,大井南,西行き,出口,
12-373,首都高速道路,湾岸線,大井南,西行き,出口,
12-374,首都高速道路,湾岸線,大井南,東行き,入口,
12-375,首都高速道路,湾岸線,大井本線,,入口,
12-376,首都高速道路,湾岸線,大井本線,,入口,
12-377,首都高速道路,中央環状線,中環大井南,,入口,
12-378,首都高速道路,中央環状線,中環大井南,,入口,
12-379,首都高速道路,湾岸線,大井南,西行き,入口,
12-382,首都高速道路,湾岸線,大井南,東行き,出口,
12-383,首都高速道路,湾岸線,大井南,東行き,出口,
12-384,首都高速道路,湾岸線,大井南東,,入口,
12-385,首都高速道路,湾岸線,有明,,出口,
12-387,首都高速道路,湾岸線,有明,,入口,
12-389,首都高速道路,湾岸線,新木場,西行き,出口,
12-390,首都高速道路,湾岸線,新木場,西行き,出口,
12-391,首都高速道路,湾岸線,新木場,,入口,第一
12-393,首都高速道路,湾岸線,新木場,東行き,出口,
12-395,首都高速道路,湾岸線,新木場,,入口,第二
12-397,首都高速道路,湾岸線,葛西,西行き,出口,
12-399,首都高速道路,湾岸線,葛西,,入口,第一
12-401,首都高速道路,湾岸線,葛西,東行き,出口,
12-403,首都高速道路,湾岸線,葛西,,入口,第二
12-405,首都高速道路,湾岸線,舞浜,,入口,
12-407,首都高速道路,湾岸線,浦安,,入口,第一
12-409,首都高速道路,湾岸線,浦安,西行き,出口,
12-411,首都高速道路,湾岸線,浦安,,入口,第二
12-413,首都高速道路,湾岸線,浦安,東行き,出口,
12-415,首都高速道路,湾岸線,千鳥町,,入口,
12-417,首都高速道路,湾岸線,千鳥町,,出口,
12-419,首都高速道路,湾岸線,市川本線,,入口,
12-420,首都高速道路,湾岸線,東関道接続,,出口,
12-421,首都高速道路,湾岸線,東関道接続,,出口,
12-422,首都高速道路,湾岸線,東関道接続,,出口,
12-423,首都高速道路,湾岸線,空港中央,東行き,出口,
12-424,首都高速道路,湾岸線,空港中央,東行き,入口,
12-425,首都高速道路,湾岸線,空港中央,東行き,入口,
12-426,首都高速道路,湾岸線,空港中央,西行き,入口,
12-427,首都高速道路,湾岸線,空港中央,西行き,出口,
12-428,首都高速道路,湾岸線,空港中央,西行き,出口,
12-429,首都高速道路,湾岸線,湾岸環八,,出口,
12-430,首都高速道路,湾岸線,湾岸環八,,入口,
12-432,首都高速道路,湾岸線,湾岸環八,,入口,
12-434,首都高速道路,湾岸線,湾岸神奈川接続,,出口,
12-435,首都高速道路,湾岸線,空港中央,東行き,出口,
12-436,首都高速道路,湾岸線,空港中央,東行き,入口,
12-437,首都高速道路,湾岸線,湾岸環八,,出口,
12-440,首都高速道路,10号晴海線,豊洲,,入口,
12-441,首都高速道路,10号晴海線,豊洲,,出口,
12-442,首都高速道路,10号晴海線,晴海,,入口,
12-443,首都高速道路,10号晴海線,晴海,,出口,
12-445,首都高速道路,湾岸線,東関道接続,,出口,
12-446,首都高速道路,湾岸線,東関道接続,,出口,
12-447,首都高速道路,湾岸線,東関道接続,,出口,
12-463,首都高速道路,6号向島線,TCAT,,出口,
12-467,首都高速道路,6号向島線,箱崎,,出口,
12-469,首都高速道路,6号向島線,箱崎,,入口,
12-471,首都高速道路,6号向島線,浜町,,出口,
12-473,首都高速道路,6号向島線,浜町,,入口,
12-475,首都高速道路,6号向島線,清洲橋,,出口,
12-477,首都高速道路,6号向島線,駒形,,入口,
12-479,首都高速道路,6号向島線,駒形,,出口,
12-481,首都高速道路,6号向島線,向島,,入口,第一
12-483,首都高速道路,6号向島線,向島,上り,出口,
12-485,首都高速道路,6号向島線,向島,,入口,第二
12-487,首都高速道路,6号向島線,向島,下り,出口,
12-489,首都高速道路,6号向島線,堤通,,入口,第一
12-491,首都高速道路,6号向島線,堤通,上り,出口,
12-493,首都高速道路,6号向島線,堤通,,入口,第二
12-495,首都高速道路,6号向島線,堤通,下り,出口,
12-497,首都高速道路,中央環状線,小菅,,入口,
12-499,首都高速道路,中央環状線,小菅,,出口,
12-501,首都高速道路,6号三郷線,加平南,,入口,
12-503,首都高速道路,6号三郷線,加平,上り,出口,
12-504,首都高速道路,6号三郷線,加平,上り,出口,
12-505,首都高速道路,6号三郷線,加平北,,入口,
12-507,首都高速道路,6号三郷線,加平,下り,出口,
12-533,首都高速道路,7号小松川線,錦糸町,上り,入口,
12-535,首都高速道路,7号小松川線,錦糸町本線,,入口,
12-536,首都高速道路,7号小松川線,錦糸町本線,,入口,
12-537,首都高速道路,7号小松川線,小松川,,入口,
12-539,首都高速道路,7号小松川線,錦糸町,上り,出口,
12-540,首都高速道路,7号小松川線,錦糸町,上り,入口,
12-541,首都高速道路,7号小松川線,小松川下,,出口,
12-543,首都高速道路,7号小松川線,錦糸町,下り,入口,
12-545,首都高速道路,7号小松川線,一之江,上り,入口,
12-547,首都高速道路,7号小松川線,錦糸町,下り,出口,
12-549,首都高速道路,7号小松川線,一之江,下り,出口,
12-551,首都高速道路,7号小松川線,京葉道接続,,入口,
12-552,首都高速道路,7号小松川線,京葉道接続,,入口,
12-553,首都高速道路,7号小松川線,京葉道接続,,出口,
12-554,首都高速道路,7号小松川線,京葉道接続,,出口,
12-555,首都高速道路,中央環状線,中環小松川,,入口,
12-556,首都高速道路,中央環状線,中環小松川本線,,入口,
12-557,首都高速道路,中央環状線,中環小松川,,入口,
12-558,首都高速道路,7号小松川線,小松川下,,出口,
12-571,首都高速道路,9号深川線,福住,,出口,
12-573,首都高速道路,9号深川線,福住,,入口,
12-575,首都高速道路,9号深川線,木場,,出口,
12-577,首都高速道路,9号深川線,木場,,入口,
12-579,首都高速道路,9号深川線,枝川,,出口,
12-581,首都高速道路,9号深川線,塩浜,,入口,
12-583,首都高速道路,11号台場線,台場,,出口,
12-585,首都高速道路,11号台場線,台場,,入口,
12-593,首都高速道路,川口線,東領家,,出口,
12-595,首都高速道路,川口線,新井宿,,入口,
12-597,首都高速道路,川口線,新井宿,,出口,
12-599,首都高速道路,川口線,東北道接続,,出口,
12-600,首都高速道路,川口線,東北道接続,,入口,
12-601,首都高速道路,川口線,川口本線,,入口,
12-602,首都高速道路,川口線,川口本線,,入口,
12-603,首都高速道路,川口線,安行,,出口,
12-605,首都高速道路,川口線,安行,,入口,
12-607,首都高速道路,川口線,新郷,下り,出口,
12-609,首都高速道路,川口線,新郷,,入口,第一
12-611,首都高速道路,川口線,新郷,上り,出口,
12-613,首都高速道路,川口線,新郷,,入口,第二
12-615,首都高速道路,川口線,足立入谷,,出口,
12-617,首都高速道路,川口線,足立入谷,,入口,
12-619,首都高速道路,川口線,加賀,,出口,
12-621,首都高速道路,川口線,加賀,,入口,
12-623,首都高速道路,川口線,鹿浜橋,,出口,
12-625,首都高速道路,川口線,鹿浜橋,,入口,第一
12-627,首都高速道路,中央環状線,清新町,,出口,
12-629,首都高速道路,川口線,鹿浜橋,,入口,第二
12-631,首都高速道路,中央環状線,清新町,,入口,
12-633,首都高速道路,中央環状線,船堀橋,,入口,
12-635,首都高速道路,中央環状線,船堀橋,,出口,
12-637,首都高速道路,中央環状線,平井大橋,,入口,
12-639,首都高速道路,中央環状線,平井大橋,,出口,
12-641,首都高速道路,中央環状線,四つ木,,入口,第一
12-643,首都高速道路,中央環状線,四つ木,内回り,出口,
12-645,首都高速道路,中央環状線,四つ木,,入口,第二
12-647,首都高速道路,中央環状線,四つ木,外回り,出口,
12-649,首都高速道路,中央環状線,千住新橋,,入口,第一
12-651,首都高速道路,中央環状線,千住新橋,外回り,出口,
12-653,首都高速道路,中央環状線,千住新橋,,入口,第二
12-655,首都高速道路,中央環状線,千住新橋,内回り,出口,
12-657,首都高速道路,中央環状線,扇大橋,,入口,第一
12-659,首都高速道路,中央環状線,扇大橋,外回り,出口,
12-661,首都高速道路,中央環状線,扇大橋,,入口,第二
12-663,首都高速道路,中央環状線,扇大橋,内回り,出口,
12-680,首都高速道路,川口線,東北道接続,,出口,
12-681,首都高速道路,川口線,東北道接続,,入口,
12-701,首都高速道路,6号三郷線,八潮南,上り,入口,
12-703,首都高速道路,6号三郷線,八潮南,上り,出口,
12-705,首都高速道路,6号三郷線,八潮南,下り,入口,
12-707,首都高速道路,6号三郷線,八潮南,下り,出口,
12-709,首都高速道路,6号三郷線,八潮本線,,入口,
12-710,首都高速道路,6号三郷線,八潮本線,,入口,
12-711,首都高速道路,6号三郷線,八潮,,入口,
12-713,首都高速道路,6号三郷線,八潮,,出口,
12-715,首都高速道路,6号三郷線,常磐道接続,,出口,
12-716,首都高速道路,6号三郷線,常磐道接続,,入口,
12-717,首都高速道路,6号三郷線,常磐道接続,,出口,
12-718,首都高速道路,6号三郷線,常磐道接続,,入口,
12-745,首都高速道路,神奈川1号横羽線,羽田線接続,,出口,
12-747,首都高速道路,神奈川1号横羽線,大師,下り,入口,
12-748,首都高速道路,神奈川1号横羽線,大師,上り,出口,
12-749,首都高速道路,神奈川1号横羽線,大師,下り,出口,
12-750,首都高速道路,神奈川1号横羽線,大師,下り,入口,
12-753,首都高速道路,神奈川1号横羽線,大師,上り,入口,
12-757,首都高速道路,神奈川1号横羽線,大師本線,,入口,
12-758,首都高速道路,神奈川1号横羽線,大師本線,,入口,
12-759,首都高速道路,神奈川1号横羽線,浜川崎,,出口,
12-761,首都高速道路,神奈川1号横羽線,浜川崎,,入口,
12-763,首都高速道路,神奈川1号横羽線,浅田,,出口,
12-765,首都高速道路,神奈川1号横羽線,浅田,,入口,
12-767,首都高速道路,神奈川1号横羽線,汐入,,出口,
12-769,首都高速道路,神奈川1号横羽線,汐入,,入口,
12-771,首都高速道路,神奈川1号横羽線,生麦,,出口,
12-773,首都高速道路,神奈川1号横羽線,生麦,,入口,
12-775,首都高速道路,神奈川1号横羽線,子安,上り,出口,
12-777,首都高速道路,神奈川1号横羽線,子安,上り,入口,
12-779,首都高速道路,神奈川1号横羽線,子安,下り,出口,
12-781,首都高速道路,神奈川1号横羽線,子安,下り,入口,
12-783,首都高速道路,神奈川1号横羽線,守屋町,,出口,
12-785,首都高速道路,神奈川1号横羽線,東神奈川,上り,入口,
12-787,首都高速道路,神奈川1号横羽線,東神奈川,上り,出口,
12-789,首都高速道路,神奈川1号横羽線,東神奈川,下り,入口,
12-791,首都高速道路,神奈川1号横羽線,東神奈川,下り,出口,
12-793,首都高速道路,神奈川1号横羽線,横浜駅東口,,入口,
12-795,首都高速道路,神奈川1号横羽線,横浜駅東口,,出口,
12-797,首都高速道路,神奈川1号横羽線,横浜公園,,入口,
12-799,首都高速道路,神奈川1号横羽線,横浜公園,下り,出口,
12-800,首都高速道路,神奈川1号横羽線,横浜公園,上り,出口,
12-803,首都高速道路,神奈川1号横羽線,みなとみらい,上り,出口,
12-805,首都高速道路,神奈川1号横羽線,みなとみらい,上り,入口,
12-809,首都高速道路,神奈川1号横羽線,みなとみらい,下り,入口,
12-811,首都高速道路,神奈川1号横羽線,みなとみらい,下り,出口,
12-827,首都高速道路,神奈川2号三ツ沢線,第三京浜接続,,入口,
12-828,首都高速道路,神奈川2号三ツ沢線,第三京浜接続,,出口,
12-829,首都高速道路,神奈川2号三ツ沢線,三ツ沢本線,,入口,
12-830,首都高速道路,神奈川2号三ツ沢線,三ツ沢本線,,入口,
12-833,首都高速道路,神奈川2号三ツ沢線,横浜駅西口,,入口,
12-835,首都高速道路,神奈川2号三ツ沢線,第三京浜接続,,出口,
12-836,首都高速道路,神奈川2号三ツ沢線,第三京浜接続,,入口,
12-837,首都高速道路,神奈川2号三ツ沢線,三ツ沢,,入口,
12-839,首都高速道路,神奈川2号三ツ沢線,三ツ沢,,出口,
12-841,首都高速道路,神奈川2号三ツ沢線,横浜駅西口,,出口,
12-845,首都高速道路,神奈川3号狩場線,横横狩場接続,,入口,
12-846,首都高速道路,神奈川3号狩場線,横新狩場接続,,入口,
12-847,首都高速道路,神奈川3号狩場線,横横狩場接続,,出口,
12-848,首都高速道路,神奈川3号狩場線,横新狩場接続,,出口,
12-849,首都高速道路,神奈川3号狩場線,山下町,,出口,
12-851,首都高速道路,神奈川3号狩場線,新山下,上り,出口,
12-853,首都高速道路,神奈川3号狩場線,新山下,,入口,第一
12-855,首都高速道路,神奈川3号狩場線,新山下,下り,出口,
12-857,首都高速道路,神奈川3号狩場線,新山下,,入口,第二
12-859,首都高速道路,神奈川3号狩場線,石川町,,入口,
12-861,首都高速道路,神奈川3号狩場線,阪東橋,,入口,
12-863,首都高速道路,神奈川3号狩場線,阪東橋,,出口,
12-865,首都高速道路,神奈川3号狩場線,花之木,,入口,
12-867,首都高速道路,神奈川3号狩場線,花之木,,出口,
12-869,首都高速道路,神奈川3号狩場線,永田,,入口,
12-871,首都高速道路,神奈川3号狩場線,永田,,出口,
12-873,首都高速道路,神奈川3号狩場線,狩場本線,,入口,
12-874,首都高速道路,神奈川3号狩場線,狩場本線,,入口,
12-876,首都高速道路,湾岸線,湾岸東京接続,,出口,
12-877,首都高速道路,湾岸線,湾東アクア接続,,出口,
12-878,首都高速道路,湾岸線,川崎アクア接続,,出口,
12-879,首都高速道路,湾岸線,本牧ふ頭,,出口,
12-880,首都高速道路,湾岸線,川崎アクア接続,,出口,
12-881,首都高速道路,湾岸線,湾岸浮島本線,,入口,
12-883,首都高速道路,湾岸線,大黒ふ頭,,出口,
12-889,首都高速道路,湾岸線,三溪園東,,出口,
12-891,首都高速道路,湾岸線,磯子,,出口,
12-896,首都高速道路,湾岸線,東扇島,,入口,第一
12-897,首都高速道路,湾岸線,東扇島,西行き,出口,
12-899,首都高速道路,湾岸線,東扇島,,入口,第二
12-900,首都高速道路,湾岸線,東扇島,東行き,出口,
12-901,首都高速道路,湾岸線,杉田,西行き,出口,
12-903,首都高速道路,湾岸線,本牧ふ頭,,入口,
12-904,首都高速道路,湾岸線,南本牧ふ頭,東行き,入口,
12-905,首都高速道路,湾岸線,南本牧ふ頭,西行き,出口,
12-907,首都高速道路,湾岸線,大黒ふ頭,,入口,
12-908,首都高速道路,湾岸線,湾岸浮島,,入口,
12-909,首都高速道路,湾岸線,アクア湾西接続,,入口,
12-910,首都高速道路,湾岸線,浮島湾岸,西行き,入口,
12-911,首都高速道路,湾岸線,湾岸浮島,,入口,
12-912,首都高速道路,湾岸線,浮島,,出口,
12-913,首都高速道路,神奈川6号川崎線,川崎浮島,,入口,
12-914,首都高速道路,湾岸線,湾岸浮島,,入口,
12-915,首都高速道路,神奈川6号川崎線,川崎浮島本線,,入口,
12-916,首都高速道路,湾岸線,湾岸浮島,,入口,
12-917,首都高速道路,神奈川6号川崎線,殿町,,入口,
12-919,首都高速道路,神奈川6号川崎線,殿町,,出口,
12-921,首都高速道路,湾岸線,三溪園,,入口,
12-923,首都高速道路,湾岸線,アクア湾東接続,,入口,
12-924,首都高速道路,湾岸線,浮島湾岸,東行き,入口,
12-925,首都高速道路,湾岸線,湾西アクア接続,,出口,
12-926,首都高速道路,湾岸線,浮島,,出口,
12-927,首都高速道路,湾岸線,磯子,,入口,
12-929,首都高速道路,湾岸線,杉田,,入口,第一
12-931,首都高速道路,湾岸線,杉田,,入口,第二
12-932,首都高速道路,湾岸線,杉田,東行き,出口,
12-933,首都高速道路,湾岸線,鳥浜町本線,,入口,
12-934,首都高速道路,湾岸線,鳥浜町本線,,入口,
12-935,首都高速道路,湾岸線,幸浦,,入口,
12-937,首都高速道路,湾岸線,幸浦,,出口,
12-939,首都高速道路,湾岸線,横横並木接続,,出口,
12-940,首都高速道路,湾岸線,横横並木接続,,入口,
12-941,首都高速道路,湾岸線,横横並木接続,,出口,
12-949,首都高速道路,横浜北線,川向上,,入口,
12-951,首都高速道路,横浜北線,第三京浜川向接続,,出口,
12-953,首都高速道路,横浜北線,新横浜,上り,入口,
12-955,首都高速道路,横浜北線,新横浜,,出口,
12-957,首都高速道路,横浜北線,新横浜,下り,入口,
12-959,首都高速道路,横浜北線,馬場,,入口,
12-961,首都高速道路,横浜北線,馬場,上り,出口,
12-963,首都高速道路,横浜北線,馬場,下り,出口,
12-965,首都高速道路,横浜北線,岸谷生麦,上り,入口,
12-967,首都高速道路,横浜北線,岸谷生麦,上り,出口,
12-969,首都高速道路,横浜北線,岸谷生麦,下り,入口,
12-971,首都高速道路,横浜北線,岸谷生麦,下り,出口,
13-102,阪神高速道路,1号環状線,四ツ橋,,入口,
13-103,阪神高速道路,1号環状線,信濃橋,,入口,
13-105,阪神高速道路,1号環状線,堂島,,入口,
13-106,阪神高速道路,1号環状線,高麗橋,,入口,
13-107,阪神高速道路,1号環状線,長堀,,入口,
13-108,阪神高速道路,1号環状線,夕陽丘,,入口,
13-110,阪神高速道路,1号環状線,えびす町,,入口,
13-251,阪神高速道路,1号環状線,高津,,入口,
13-348,阪神高速道路,1号環状線,信濃橋,,出口,
13-349,阪神高速道路,1号環状線,土佐堀,,出口,
13-350,阪神高速道路,1号環状線,北浜,,出口,
13-351,阪神高速道路,1号環状線,本町,,出口,
13-352,阪神高速道路,1号環状線,道頓堀,,出口,
13-353,阪神高速道路,1号環状線,夕陽丘,,出口,
13-354,阪神高速道路,1号環状線,なんば,,出口,
13-331,阪神高速道路,6号大和川線,三宅西,,入口,
13-332,阪神高速道路,6号大和川線,三宅西,,出口,
13-338,阪神高速道路,6号大和川線,鉄砲,西行き,入口,
13-585,阪神高速道路,6号大和川線,鉄砲,東行き,出口,
13-104,阪神高速道路,11号池田線,梅田,,入口,
13-131,阪神高速道路,11号池田線,中之島,,入口,
13-132,阪神高速道路,11号池田線,福島,,入口,
13-133,阪神高速道路,11号池田線,塚本,,入口,
13-134,阪神高速道路,11号池田線,加島,,入口,
13-135,阪神高速道路,11号池田線,豊中合併,南行き,,合併料金所
13-136,阪神高速道路,11号池田線,豊中合併,北行き,,合併料金所
13-137,阪神高速道路,11号池田線,豊中南,北行き,入口,
13-138,阪神高速道路,11号池田線,豊中南,南行き,入口,
13-139,阪神高速道路,11号池田線,豊中北,,入口,
13-140,阪神高速道路,11号池田線,大阪空港,,,本線料金所
13-141,阪神高速道路,11号池田線,神田,,入口,
13-142,阪神高速道路,11号池田線,神田,,出口,
13-366,阪神高速道路,11号池田線,出入橋,,出口,
13-367,阪神高速道路,11号池田線,梅田,,出口,
13-369,阪神高速道路,11号池田線,福島,,出口,
13-370,阪神高速道路,11号池田線,塚本,,出口,
13-371,阪神高速道路,11号池田線,加島,,出口,
13-373,阪神高速道路,11号池田線,豊中南名神,北行き,出口,
13-374,阪神高速道路,11号池田線,豊中南名神,南行き,出口,
13-375,阪神高速道路,11号池田線,豊中南,南行き,出口,
13-376,阪神高速道路,11号池田線,豊中北,,出口,
13-377,阪神高速道路,11号池田線,大阪空港,,入口,
13-378,阪神高速道路,11号池田線,大阪空港,,出口,
13-379,阪神高速道路,11号池田線,池田,,入口,本線
13-380,阪神高速道路,11号池田線,池田,,出口,本線
13-381,阪神高速道路,11号池田線,川西小花,,入口,
13-382,阪神高速道路,11号池田線,川西小花,,出口,
13-383,阪神高速道路,11号池田線,池田木部,,入口,
13-385,阪神高速道路,11号池田線,池田木部,,出口,
13-387,阪神高速道路,11号池田線,豊中南,北行き,出口,
13-161,阪神高速道路,12号守口線,南森町,,入口,
13-162,阪神高速道路,12号守口線,扇町,,入口,
13-163,阪神高速道路,12号守口線,長柄,,入口,
13-164,阪神高速道路,12号守口線,都島,,入口,
13-165,阪神高速道路,12号守口線,森小路,,入口,
13-166,阪神高速道路,12号守口線,守口,,,本線料金所
13-396,阪神高速道路,12号守口線,南森町,,出口,
13-397,阪神高速道路,12号守口線,扇町,,出口,
13-398,阪神高速道路,12号守口線,長柄,,出口,
13-399,阪神高速道路,12号守口線,城北,,出口,
13-400,阪神高速道路,12号守口線,森小路,,出口,
13-401,阪神高速道路,12号守口線,守口,,入口,
13-402,阪神高速道路,12号守口線,守口,,出口,
13-403,阪神高速道路,12号守口線,守口,,入口,本線
13-404,阪神高速道路,12号守口線,守口,,出口,本線
13-405,阪神高速道路,12号守口線,守口近畿道北,,入口,
13-406,阪神高速道路,12号守口線,守口近畿道,,出口,
13-407,阪神高速道路,12号守口線,守口近畿道南,,入口,
13-191,阪神高速道路,16号大阪港線,波除,,入口,
13-192,阪神高速道路,16号大阪港線,本田,,入口,
13-193,阪神高速道路,16号大阪港線,阿波座,,入口,
13-416,阪神高速道路,16号大阪港線,波除,,出口,
13-417,阪神高速道路,16号大阪港線,九条,,出口,
13-420,阪神高速道路,16号大阪港線,阿波座,,出口,
13-194,阪神高速道路,13号東大阪線,法円坂,,入口,
13-195,阪神高速道路,13号東大阪線,森之宮,,入口,
13-196,阪神高速道路,13号東大阪線,高井田,,入口,
13-198,阪神高速道路,13号東大阪線,長田,,,本線料金所
13-199,阪神高速道路,13号東大阪線,東大阪荒本,,入口,
13-200,阪神高速道路,13号東大阪線,東大阪荒本,,出口,
13-201,阪神高速道路,13号東大阪線,東大阪,,,第一 合併料金所
13-202,阪神高速道路,13号東大阪線,東大阪,,,第二 合併料金所
13-421,阪神高速道路,13号東大阪線,法円坂,,出口,
13-422,阪神高速道路,13号東大阪線,森之宮,,出口,
13-423,阪神高速道路,13号東大阪線,高井田,,出口,
13-424,阪神高速道路,13号東大阪線,長田,,入口,
13-425,阪神高速道路,13号東大阪線,長田,,出口,
13-428,阪神高速道路,13号東大阪線,東大阪近北,西行き,入口,
13-429,阪神高速道路,13号東大阪線,東大阪近南,東行き,出口,
13-430,阪神高速道路,13号東大阪線,中野,,入口,
13-431,阪神高速道路,13号東大阪線,中野,,出口,
13-432,阪神高速道路,13号東大阪線,水走,,入口,
13-433,阪神高速道路,13号東大阪線,水走,,出口,
13-434,阪神高速道路,13号東大阪線,東大阪,,入口,本線
13-435,阪神高速道路,13号東大阪線,東大阪,,出口,本線
13-436,阪神高速道路,13号東大阪線,東大阪,東行き,出口,
13-437,阪神高速道路,13号東大阪線,東大阪荒本近北,,入口,
13-438,阪神高速道路,13号東大阪線,東大阪荒本近南,,入口,
13-439,阪神高速道路,13号東大阪線,東大阪荒本,,入口,
13-440,阪神高速道路,13号東大阪線,東大阪近南,西行き,入口,
13-441,阪神高速道路,13号東大阪線,東大阪近北,東行き,出口,
13-109,阪神高速道路,14号松原線,阿倍野,,入口,
13-221,阪神高速道路,14号松原線,文の里,,入口,
13-222,阪神高速道路,14号松原線,駒川,,入口,
13-223,阪神高速道路,14号松原線,平野,,入口,
13-224,阪神高速道路,14号松原線,喜連瓜破,,入口,
13-225,阪神高速道路,14号松原線,大和川,,,本線料金所
13-446,阪神高速道路,14号松原線,天王寺,,出口,
13-447,阪神高速道路,14号松原線,文の里,,出口,
13-448,阪神高速道路,14号松原線,駒川,,出口,
13-449,阪神高速道路,14号松原線,平野,,出口,
13-450,阪神高速道路,14号松原線,喜連瓜破,,出口,
13-451,阪神高速道路,14号松原線,三宅,,入口,
13-452,阪神高速道路,14号松原線,三宅,,出口,
13-453,阪神高速道路,14号松原線,大堀,,入口,
13-454,阪神高速道路,14号松原線,大堀,,出口,
13-457,阪神高速道路,14号松原線,松原JCT,,入口,
13-458,阪神高速道路,14号松原線,松原JCT,,出口,
13-459,阪神高速道路,14号松原線,松原,,入口,本線
13-460,阪神高速道路,14号松原線,松原,,出口,本線
13-461,阪神高速道路,14号松原線,松原近畿道,,入口,
13-462,阪神高速道路,14号松原線,松原近畿道,,出口,
13-101,阪神高速道路,15号堺線,湊町,,入口,
13-252,阪神高速道路,15号堺線,汐見橋,,入口,
13-253,阪神高速道路,15号堺線,南開,,,本線料金所
13-254,阪神高速道路,15号堺線,津守,,入口,
13-255,阪神高速道路,15号堺線,玉出,,入口,
13-256,阪神高速道路,15号堺線,住之江,,入口,
13-257,阪神高速道路,15号堺線,堺,,,本線料金所
13-346,阪神高速道路,15号堺線,湊町OCAT,,出口,
13-466,阪神高速道路,15号堺線,湊町,,出口,
13-467,阪神高速道路,15号堺線,芦原,,出口,
13-468,阪神高速道路,15号堺線,津守,,出口,
13-469,阪神高速道路,15号堺線,玉出,,出口,
13-470,阪神高速道路,15号堺線,住之江,,出口,
13-471,阪神高速道路,15号堺線,堺,,入口,
13-472,阪神高速道路,15号堺線,堺,,出口,
13-473,阪神高速道路,15号堺線,堺,,入口,本線
13-474,阪神高速道路,15号堺線,堺,,出口,本線
13-271,阪神高速道路,17号西大阪線,北津守,,出口,
13-272,阪神高速道路,17号西大阪線,北津守,,入口,
13-273,阪神高速道路,17号西大阪線,大正西,,出口,
13-274,阪神高速道路,17号西大阪線,大正西,,入口,
13-481,阪神高速道路,17号西大阪線,大正東,,入口,
13-482,阪神高速道路,17号西大阪線,大正東,,出口,
13-483,阪神高速道路,17号西大阪線,弁天町,,入口,
13-484,阪神高速道路,17号西大阪線,弁天町,,出口,
13-485,阪神高速道路,17号西大阪線,安治川,,入口,本線
13-486,阪神高速道路,17号西大阪線,安治川,,出口,本線
13-311,阪神高速道路,2号淀川左岸線,正蓮寺川,,入口,
13-312,阪神高速道路,2号淀川左岸線,大開,,入口,
13-503,阪神高速道路,2号淀川左岸線,島屋,,入口,
13-505,阪神高速道路,2号淀川左岸線,淀川左岸舞洲,,入口,
13-561,阪神高速道路,2号淀川左岸線,正蓮寺川,,出口,
13-562,阪神高速道路,2号淀川左岸線,大開,,出口,
13-604,阪神高速道路,2号淀川左岸線,淀川左岸舞洲,,出口,
13-608,阪神高速道路,2号淀川左岸線,ユニバーシティ,,出口,
13-609,阪神高速道路,2号淀川左岸線,島屋,,出口,
13-511,阪神高速道路,4号湾岸線,天保山,,入口,
13-512,阪神高速道路,4号湾岸線,南港北,,入口,
13-513,阪神高速道路,4号湾岸線,南港南,,入口,
13-514,阪神高速道路,4号湾岸線,三宝,,入口,
13-515,阪神高速道路,4号湾岸線,大浜,,入口,
13-516,阪神高速道路,4号湾岸線,出島,,入口,
13-517,阪神高速道路,4号湾岸線,石津,,入口,
13-518,阪神高速道路,4号湾岸線,浜寺,,入口,
13-519,阪神高速道路,4号湾岸線,高石,,,本線料金所
13-520,阪神高速道路,4号湾岸線,高石,,入口,
13-521,阪神高速道路,4号湾岸線,高石,,出口,
13-522,阪神高速道路,4号湾岸線,南港中,,入口,
13-523,阪神高速道路,4号湾岸線,大浜,北行き,入口,
13-524,阪神高速道路,4号湾岸線,大浜,南行き,入口,
13-541,阪神高速道路,4号湾岸線,泉大津,,入口,
13-542,阪神高速道路,4号湾岸線,泉大津,,出口,
13-543,阪神高速道路,4号湾岸線,泉大津,,,本線料金所
13-544,阪神高速道路,4号湾岸線,岸和田北,北行き,入口,
13-545,阪神高速道路,4号湾岸線,岸和田北,南行き,入口,
13-546,阪神高速道路,4号湾岸線,岸和田南,北行き,入口,
13-547,阪神高速道路,4号湾岸線,岸和田南,南行き,入口,
13-548,阪神高速道路,4号湾岸線,貝塚,北行き,入口,
13-549,阪神高速道路,4号湾岸線,貝塚,南行き,入口,
13-550,阪神高速道路,4号湾岸線,泉佐野北,,入口,
13-551,阪神高速道路,4号湾岸線,泉佐野,,,本線料金所
13-611,阪神高速道路,4号湾岸線,天保山,,出口,
13-612,阪神高速道路,4号湾岸線,南港北,,出口,
13-614,阪神高速道路,4号湾岸線,南港中,,出口,
13-615,阪神高速道路,4号湾岸線,南港南,,出口,
13-616,阪神高速道路,4号湾岸線,三宝,,出口,
13-617,阪神高速道路,4号湾岸線,大浜,北行き,出口,
13-619,阪神高速道路,4号湾岸線,大浜,南行き,出口,
13-620,阪神高速道路,4号湾岸線,出島,,出口,
13-621,阪神高速道路,4号湾岸線,石津,,出口,
13-622,阪神高速道路,4号湾岸線,浜寺,,出口,
13-631,阪神高速道路,4号湾岸線,助松JCT,,入口,
13-633,阪神高速道路,4号湾岸線,助松JCT,,出口,
13-635,阪神高速道路,4号湾岸線,助松,,入口,
13-636,阪神高速道路,4号湾岸線,助松,,出口,
13-637,阪神高速道路,4号湾岸線,泉大津,北行き,出口,
13-638,阪神高速道路,4号湾岸線,泉大津,南行き,入口,
13-639,阪神高速道路,4号湾岸線,岸和田北,南行き,出口,
13-640,阪神高速道路,4号湾岸線,岸和田北,北行き,出口,
13-641,阪神高速道路,4号湾岸線,岸和田南,南行き,出口,
13-642,阪神高速道路,4号湾岸線,岸和田南,北行き,出口,
13-643,阪神高速道路,4号湾岸線,貝塚,南行き,出口,
13-644,阪神高速道路,4号湾岸線,貝塚,北行き,出口,
13-645,阪神高速道路,4号湾岸線,泉佐野北,,出口,
13-646,阪神高速道路,4号湾岸線,泉佐野南,,入口,
13-647,阪神高速道路,4号湾岸線,泉佐野南,,出口,
13-648,阪神高速道路,4号湾岸線,りんくう関空,,入口,
13-649,阪神高速道路,4号湾岸線,りんくう関空,,出口,
13-650,阪神高速道路,4号湾岸線,りんくう阪和道,,入口,
13-651,阪神高速道路,4号湾岸線,りんくう阪和道,,出口,
13-501,阪神高速道路,5号湾岸線,湾岸舞洲,,入口,
13-502,阪神高速道路,5号湾岸線,中島,,,本線料金所
13-761,阪神高速道路,5号湾岸線,尼崎東海岸,,出口,
13-762,阪神高速道路,5号湾岸線,尼崎東海岸,,入口,
13-763,阪神高速道路,5号湾岸線,尼崎末広,,出口,
13-764,阪神高速道路,5号湾岸線,尼崎末広,,入口,
13-767,阪神高速道路,5号湾岸線,甲子園浜,,入口,
13-771,阪神高速道路,5号湾岸線,西宮浜,,出口,
13-772,阪神高速道路,5号湾岸線,西宮浜,,入口,
13-773,阪神高速道路,5号湾岸線,南芦屋浜,,,本線料金所
13-774,阪神高速道路,5号湾岸線,南芦屋浜,,入口,
13-775,阪神高速道路,5号湾岸線,深江浜東,,入口,
13-776,阪神高速道路,5号湾岸線,深江浜西,,入口,
13-777,阪神高速道路,5号湾岸線,六甲アイランド北,,入口,
13-778,阪神高速道路,5号湾岸線,魚崎浜,,入口,
13-779,阪神高速道路,5号湾岸線,住吉浜,,入口,
13-601,阪神高速道路,5号湾岸線,天保山JCT,,出口,
13-603,阪神高速道路,5号湾岸線,湾岸舞洲,,出口,
13-605,阪神高速道路,5号湾岸線,中島,,入口,
13-607,阪神高速道路,5号湾岸線,中島,,出口,
13-861,阪神高速道路,5号湾岸線,尼崎末広,西行き,出口,
13-862,阪神高速道路,5号湾岸線,尼崎末広,東行き,入口,
13-863,阪神高速道路,5号湾岸線,鳴尾浜,,入口,
13-864,阪神高速道路,5号湾岸線,鳴尾浜,,出口,
13-865,阪神高速道路,5号湾岸線,甲子園浜,,入口,
13-866,阪神高速道路,5号湾岸線,甲子園浜,,出口,
13-871,阪神高速道路,5号湾岸線,南芦屋浜,,出口,
13-872,阪神高速道路,5号湾岸線,深江浜,西行き,出口,
13-873,阪神高速道路,5号湾岸線,深江浜,東行き,出口,
13-874,阪神高速道路,5号湾岸線,住吉浜,,出口,
13-875,阪神高速道路,5号湾岸線,魚崎浜,,出口,
13-877,阪神高速道路,5号湾岸線,六甲アイランド,,出口,
13-878,阪神高速道路,5号湾岸線,西宮浜,,出口,
13-301,阪神高速道路,3号神戸線,西長堀,,入口,
13-302,阪神高速道路,3号神戸線,中之島西,,入口,
13-303,阪神高速道路,3号神戸線,海老江,,入口,
13-304,阪神高速道路,3号神戸線,姫島,,入口,
13-305,阪神高速道路,3号神戸線,大和田,,入口,
13-701,阪神高速道路,3号神戸線,尼崎,,,本線料金所
13-702,阪神高速道路,3号神戸線,尼崎西,,入口,
13-703,阪神高速道路,3号神戸線,尼崎西,,出口,
13-704,阪神高速道路,3号神戸線,芦屋,,入口,
13-705,阪神高速道路,3号神戸線,芦屋,,出口,
13-706,阪神高速道路,3号神戸線,芦屋,,,本線料金所
13-707,阪神高速道路,3号神戸線,深江,,入口,
13-708,阪神高速道路,3号神戸線,魚崎,,入口,
13-709,阪神高速道路,3号神戸線,摩耶,東行き,入口,
13-710,阪神高速道路,3号神戸線,摩耶,西行き,入口,
13-711,阪神高速道路,3号神戸線,生田川,,入口,
13-712,阪神高速道路,3号神戸線,京橋,東行き,入口,
13-713,阪神高速道路,3号神戸線,京橋,西行き,入口,
13-714,阪神高速道路,3号神戸線,柳原,東行き,入口,
13-715,阪神高速道路,3号神戸線,柳原,西行き,入口,
13-716,阪神高速道路,3号神戸線,湊川,東行き,入口,
13-717,阪神高速道路,3号神戸線,湊川,西行き,入口,
13-718,阪神高速道路,3号神戸線,若宮,,入口,
13-719,阪神高速道路,3号神戸線,月見山,,入口,
13-720,阪神高速道路,3号神戸線,須磨合併,,,合併料金所
13-721,阪神高速道路,3号神戸線,武庫川,,入口,
13-418,阪神高速道路,3号神戸線,西長堀,,出口,
13-491,阪神高速道路,3号神戸線,中之島西,,出口,
13-492,阪神高速道路,3号神戸線,海老江,,出口,
13-493,阪神高速道路,3号神戸線,姫島,,出口,
13-494,阪神高速道路,3号神戸線,大和田,,出口,
13-801,阪神高速道路,3号神戸線,尼崎東,,出口,
13-802,阪神高速道路,3号神戸線,武庫川,,入口,
13-803,阪神高速道路,3号神戸線,武庫川,,出口,
13-804,阪神高速道路,3号神戸線,西宮JCT,,入口,
13-805,阪神高速道路,3号神戸線,西宮JCT,,出口,
13-806,阪神高速道路,3号神戸線,西宮,,入口,
13-807,阪神高速道路,3号神戸線,西宮,,出口,
13-808,阪神高速道路,3号神戸線,深江,,出口,
13-809,阪神高速道路,3号神戸線,魚崎,,出口,
13-810,阪神高速道路,3号神戸線,摩耶,西行き,出口,
13-811,阪神高速道路,3号神戸線,摩耶,東行き,出口,
13-812,阪神高速道路,3号神戸線,生田川,西行き,出口,
13-813,阪神高速道路,3号神戸線,生田川,東行き,出口,
13-814,阪神高速道路,3号神戸線,京橋,西行き,出口,
13-815,阪神高速道路,3号神戸線,京橋,東行き,出口,
13-816,阪神高速道路,3号神戸線,柳原,西行き,出口,
13-817,阪神高速道路,3号神戸線,柳原,東行き,出口,
13-818,阪神高速道路,3号神戸線,湊川,西行き,出口,
13-819,阪神高速道路,3号神戸線,湊川,東行き,出口,
13-820,阪神高速道路,3号神戸線,若宮,,出口,
13-821,阪神高速道路,3号神戸線,月見山,,出口,
13-822,阪神高速道路,3号神戸線,神戸線,,出口,本線
13-823,阪神高速道路,3号神戸線,尼崎西,,出口,
13-731,阪神高速道路,7号北神戸線,前開東,,出口,
13-732,阪神高速道路,7号北神戸線,前開西,,入口,
13-733,阪神高速道路,7号北神戸線,前開,,,本線料金所
13-734,阪神高速道路,7号北神戸線,布施畑西,,入口,
13-735,阪神高速道路,7号北神戸線,布施畑東,,入口,
13-736,阪神高速道路,7号北神戸線,しあわせの村,,入口,
13-737,阪神高速道路,7号北神戸線,藍那,,入口,
13-738,阪神高速道路,7号北神戸線,北神戸箕谷,,入口,
13-740,阪神高速道路,7号北神戸線,柳谷合併,,,合併料金所
13-741,阪神高速道路,7号北神戸線,布施畑,,,合併料金所
13-742,阪神高速道路,7号北神戸線,箕谷,,,本線料金所
13-743,阪神高速道路,7号北神戸線,有馬口,,入口,
13-744,阪神高速道路,7号北神戸線,からと西,,入口,
13-745,阪神高速道路,7号北神戸線,からと東,,入口,
13-746,阪神高速道路,7号北神戸線,五社,,入口,
13-747,阪神高速道路,7号北神戸線,西宮山口南,西行き,入口,
13-748,阪神高速道路,7号北神戸線,西宮山口南,東行き,入口,
13-749,阪神高速道路,7号北神戸線,西宮山口東,,入口,
13-750,阪神高速道路,7号北神戸線,西宮山口合併,,,合併料金所
13-831,阪神高速道路,7号北神戸線,伊川谷JCT,,入口,
13-832,阪神高速道路,7号北神戸線,伊川谷JCT,,出口,
13-833,阪神高速道路,7号北神戸線,永井谷,,入口,
13-834,阪神高速道路,7号北神戸線,永井谷,,出口,
13-835,阪神高速道路,7号北神戸線,前開,西行き,出口,
13-836,阪神高速道路,7号北神戸線,前開,東行き,入口,
13-837,阪神高速道路,7号北神戸線,布施畑西,,出口,
13-838,阪神高速道路,7号北神戸線,布施畑JCT,,出口,
13-840,阪神高速道路,7号北神戸線,布施畑東,,出口,
13-841,阪神高速道路,7号北神戸線,しあわせの村西,,出口,
13-842,阪神高速道路,7号北神戸線,しあわせの村東,,出口,
13-843,阪神高速道路,7号北神戸線,藍那,東行き,出口,
13-844,阪神高速道路,7号北神戸線,藍那,西行き,出口,
13-846,阪神高速道路,7号北神戸線,北神戸箕谷,,出口,
13-847,阪神高速道路,7号北神戸線,からと西,,出口,
13-848,阪神高速道路,7号北神戸線,からと東,,出口,
13-849,阪神高速道路,7号北神戸線,有馬口,,出口,
13-850,阪神高速道路,7号北神戸線,西宮山口南,東行き,出口,
13-851,阪神高速道路,7号北神戸線,西宮山口南,西行き,出口,
13-853,阪神高速道路,7号北神戸線,西宮山口東中国,,出口,
13-854,阪神高速道路,7号北神戸線,五社,,出口,
13-855,阪神高速道路,7号北神戸線,柳谷,,出口,本線
13-858,阪神高速道路,7号北神戸線,西宮山口東,,出口,
13-791,阪神高速道路,31号神戸山手線,神戸長田,,入口,
13-792,阪神高速道路,31号神戸山手線,妙法寺,,入口,
13-793,阪神高速道路,31号神戸山手線,白川南,,入口,
13-891,阪神高速道路,31号神戸山手線,神戸長田,,出口,
13-892,阪神高速道路,31号神戸山手線,妙法寺,,出口,
13-893,阪神高速道路,31号神戸山手線,白川南,,出口,
13-880,阪神高速道路,32号新神戸トンネル,新神戸箕谷,,入口,
13-881,阪神高速道路,32号新神戸トンネル,新神戸箕谷,,出口,
13-882,阪神高速道路,32号新神戸トンネル,新神戸駅,,出口,
13-883,阪神高速道路,32号新神戸トンネル,二宮,,入口,
13-884,阪神高速道路,32号新神戸トンネル,神若,,出口,
13-885,阪神高速道路,32号新神戸トンネル,国道2号,,入口,
13-886,阪神高速道路,32号新神戸トンネル,国道2号,,出口,
13-661,阪神高速道路,8号京都線,巨椋池合併,,,合併料金所
13-662,阪神高速道路,8号京都線,伏見,,入口,
13-663,阪神高速道路,8号京都線,城南宮南,,入口,
13-664,阪神高速道路,8号京都線,城南宮北,,入口,
13-665,阪神高速道路,8号京都線,上鳥羽,,入口,
13-666,阪神高速道路,8号京都線,鴨川西,,入口,
13-667,阪神高速道路,8号京都線,鴨川東,,入口,
13-668,阪神高速道路,8号京都線,山科,,入口,
13-681,阪神高速道路,8号京都線,巨椋池・阪高割引,,,割引案内用FF
13-687,阪神高速道路,8号京都線,鴨川東,,出口,
05-020,道央自動車道,,大沼公園本線,,,
05-019,道央自動車道,,森,,,
05-018,道央自動車道,,落部,,,
05-017,道央自動車道,,八雲,,,
05-016,道央自動車道,,国縫,,,
05-015,道央自動車道,,長万部,,,
05-214,道央自動車道,,黒松内JCT,,,
05-014,道央自動車道,,豊浦,,,
05-213,道央自動車道,,虻田洞爺湖,,,
05-012,道央自動車道,,伊達,,,
05-011,道央自動車道,,室蘭,,,
05-010,道央自動車道,,登別室蘭,,,
05-009,道央自動車道,,登別東,,,
05-008,道央自動車道,,白老,,,
05-007,道央自動車道,,苫小牧西,,,
05-006,道央自動車道,,苫小牧東,,,
05-021,道央自動車道,,新千歳空港,,,
05-005,道央自動車道,,千歳,,,
05-004,道央自動車道,,恵庭,,,
05-022,道央自動車道,,輪厚スマート,,,
05-003,道央自動車道,,北広島,,,
05-002,道央自動車道,,札幌南,,,
05-184,道央自動車道,,札幌南,下り,,
05-001,道央自動車道,,札幌南本線,下り,,
05-181,道央自動車道,,大谷地,,,
05-180,道央自動車道,,北郷,,,
05-100,道央自動車道,,札幌本線,上り,,
05-101,道央自動車道,,札幌本線,下り,,
05-901,道央自動車道,,札幌,,,
05-102,道央自動車道,,江別西,,,
05-902,道央自動車道,,江別西,,,
05-103,道央自動車道,,江別東,,,
05-903,道央自動車道,,江別東,,,
05-104,道央自動車道,,岩見沢,,,
05-904,道央自動車道,,岩見沢,,,
05-105,道央自動車道,,三笠,,,
05-905,道央自動車道,,三笠,,,
05-106,道央自動車道,,美唄,,,
05-906,道央自動車道,,美唄,,,
05-107,道央自動車道,,奈井江砂川,,,
05-907,道央自動車道,,奈井江砂川,,,
05-108,道央自動車道,,滝川,,,
05-908,道央自動車道,,滝川,,,
05-115,道央自動車道,,砂川SAスマート,,,
05-915,道央自動車道,,砂川SAスマート,,,
05-109,道央自動車道,,深川,,,
05-909,道央自動車道,,深川,,,
05-110,道央自動車道,,旭川鷹栖,,,
05-910,道央自動車道,,旭川鷹栖,,,
05-111,道央自動車道,,旭川北,,,
05-911,道央自動車道,,旭川北,,,
05-112,道央自動車道,,和寒,,,
05-912,道央自動車道,,和寒,,,
05-114,道央自動車道,,士別剣淵本線,,,
05-914,道央自動車道,,士別剣淵本線,,,
05-120,道央自動車道,,比布JCT,,,
05-920,道央自動車道,,比布JCT,,,
05-186,道央自動車道,,苫小牧東本線,,,
05-185,道央自動車道,,深川西本線,,,
05-985,道央自動車道,,深川西本線,,,
05-151,道東自動車道,,千歳東,,,
05-152,道東自動車道,,追分町,,,
05-153,道東自動車道,,夕張,,,
05-154,道東自動車道,,むかわ穂別,,,
05-155,道東自動車道,,占冠,,,
05-356,道東自動車道,,トマム,,,
05-357,道東自動車道,,十勝清水,,,
05-358,道東自動車道,,芽室,,,
05-396,道東自動車道,,帯広JCT,,,
05-359,道東自動車道,,音更帯広,,,
05-360,道東自動車道,,池田,,,音更帯広・占冠方向
16-262,道東自動車道,,池田,,,本別・足寄方向
05-361,道東自動車道,,本別・足寄,,,
05-129,後志自動車道,,余市,,,
05-529,後志自動車道,,余市,,,休日割引または深夜割引適用時
05-128,後志自動車道,,小樽塩谷,,,
05-131,札樽自動車道,,小樽,,,
05-932,札樽自動車道,,朝里,,,
05-832,札樽自動車道,,朝里,,,通勤割引適用時
05-532,札樽自動車道,,朝里,,,深夜割引適用時
05-132,札樽自動車道,,朝里,,,
05-133,札樽自動車道,,銭函,,,
05-233,札樽自動車道,,銭函,,,
05-333,札樽自動車道,,銭函,,,
05-134,札樽自動車道,,手稲,,,
05-135,札樽自動車道,,札幌西,,,
05-136,札樽自動車道,,札幌西本線,,,
05-936,札樽自動車道,,札幌西本線,,,
05-137,札樽自動車道,,新川,,,
05-138,札樽自動車道,,札幌北,,,第二
05-139,札樽自動車道,,札幌北,,,第一
05-140,札樽自動車道,,伏古,,,
05-141,札樽自動車道,,雁来,,,
07-034,三陸自動車道,,仙台港北,,,
04-596,三陸自動車道,,多賀城,,,
07-036,三陸自動車道,,利府塩釜,,,
07-037,三陸自動車道,,利府中,,,
07-038,三陸自動車道,,松島海岸,,,
07-140,三陸自動車道,,松島大郷第一・,,,第二
07-041,三陸自動車道,,松島北,,,
07-035,三陸自動車道,,鳴瀬奥松島本線,,,
07-078,仙台北部道路,,利府しらかし台,,,
07-892,仙台北部道路,,富谷,,,
07-028,仙台東部道路,,亘理,,,
07-029,仙台東部道路,,岩沼,,,
07-030,仙台東部道路,,仙台空港,,,
04-132,仙台東部道路,,名取中央スマート,,,
07-031,仙台東部道路,,名取,,,
07-032,仙台東部道路,,仙台東,,,
07-033,仙台東部道路,,仙台港,,,
07-082,仙台南部道路,,山田,,,
07-081,仙台南部道路,,長町,,,
07-080,仙台南部道路,,今泉,,,
07-900,東北自動車道,,浦和本線,上り,,
07-901,東北自動車道,,浦和本線,下り,,
07-902,東北自動車道,,浦和,,,
11-500,東北自動車道,,浦和,,入口,
11-700,東北自動車道,,浦和,,出口,
07-903,東北自動車道,,岩槻,,,
07-898,東北自動車道,,蓮田スマート,,,
07-904,東北自動車道,,久喜,,,
07-905,東北自動車道,,加須,,,
07-954,東北自動車道,,羽生,,,
07-906,東北自動車道,,館林,,,
07-907,東北自動車道,,佐野藤岡,,,
07-894,東北自動車道,,佐野SAスマート,,,
07-908,東北自動車道,,栃木,,,
07-909,東北自動車道,,鹿沼,,,
07-910,東北自動車道,,宇都宮,,,
07-478,東北自動車道,,上河内スマート,,,
07-911,東北自動車道,,矢板,,,
07-912,東北自動車道,,西那須野塩原,,,
07-899,東北自動車道,,黒磯板室,,,
07-913,東北自動車道,,那須,,,
07-479,東北自動車道,,那須高原スマート,,,
07-914,東北自動車道,,白河,,,
07-897,東北自動車道,,白河中央スマート,,,
07-915,東北自動車道,,矢吹,,,
07-575,東北自動車道,,鏡石スマート,,,
07-916,東北自動車道,,須賀川,,,
07-917,東北自動車道,,郡山南,,,
07-890,東北自動車道,,郡山中央スマート,,,
07-918,東北自動車道,,郡山,,,
07-919,東北自動車道,,本宮,,,
07-920,東北自動車道,,二本松,,,
07-445,東北自動車道,,福島松川スマート,,,
07-921,東北自動車道,,福島西,,,
07-922,東北自動車道,,福島飯坂,,,
07-923,東北自動車道,,国見,,,
07-924,東北自動車道,,白石,,,
07-925,東北自動車道,,村田,,,
07-050,東北自動車道,,仙台南,,,
07-928,東北自動車道,,仙台宮城,,,
07-956,東北自動車道,,泉PAスマート,,,
07-929,東北自動車道,,泉,,,
07-930,東北自動車道,,大和,,,
07-895,東北自動車道,,大衡,,,
07-896,東北自動車道,,三本木スマート,,,
07-931,東北自動車道,,古川,,,
07-447,東北自動車道,,長者原スマート,,,
07-932,東北自動車道,,築館,,,
07-933,東北自動車道,,若柳金成,,,
07-934,東北自動車道,,一関,,,
07-935,東北自動車道,,平泉前沢,,,
04-575,東北自動車道,,奥州スマート,,,
07-936,東北自動車道,,水沢,,,
07-937,東北自動車道,,北上金ヶ崎,,,
07-938,東北自動車道,,北上江釣子,,,
07-959,東北自動車道,,花巻南,,,
07-939,東北自動車道,,花巻,,,
07-940,東北自動車道,,紫波,,,
04-574,東北自動車道,,矢巾スマート,,,
07-941,東北自動車道,,盛岡南,,,
07-942,東北自動車道,,盛岡,,,
07-886,東北自動車道,,滝沢中央スマート,,,
07-943,東北自動車道,,滝沢,,,
07-944,東北自動車道,,西根,,,
07-945,東北自動車道,,松尾八幡平,,,
07-946,東北自動車道,,安代,,,
07-947,東北自動車道,,鹿角八幡平,,,
07-948,東北自動車道,,十和田,,,
07-955,東北自動車道,,小坂,,,
07-949,東北自動車道,,碇ヶ関,,,
07-950,東北自動車道,,大鰐弘前,,,
07-951,東北自動車道,,黒石,,,
07-952,東北自動車道,,浪岡,,,
07-953,東北自動車道,,青森,,,
07-960,八戸自動車道,,浄法寺,,,
07-961,八戸自動車道,,一戸,,,
07-962,八戸自動車道,,九戸,,,
07-963,八戸自動車道,,軽米,,,
07-964,八戸自動車道,,南郷,,,
07-965,八戸自動車道,,八戸,,,
07-966,八戸自動車道,,八戸北,,,
07-888,八戸自動車道,,八戸西スマート,,,
07-991,八戸自動車道,,八戸JCT,,,
07-957,青森自動車道,,青森中央,,,
07-958,青森自動車道,,青森中央本線,,,
10-031,東京外環自動車道,,大泉,,,
03-231,東京外環自動車道,,大泉,,,
10-032,東京外環自動車道,,和光,,,第一
03-232,東京外環自動車道,,和光,,,第一
10-033,東京外環自動車道,,和光,,,第二
03-233,東京外環自動車道,,和光,,,第二
10-034,東京外環自動車道,,和光北,,,第一
03-234,東京外環自動車道,,和光北,,,第一
10-035,東京外環自動車道,,和光北,,,第二
03-235,東京外環自動車道,,和光北,,,第二
10-036,東京外環自動車道,,戸田西,,,
03-236,東京外環自動車道,,戸田西,,,
10-037,東京外環自動車道,,美女木,,,第一
03-237,東京外環自動車道,,美女木,,,第一
10-038,東京外環自動車道,,美女木,,,第二
03-238,東京外環自動車道,,美女木,,,第二
10-039,東京外環自動車道,,戸田東,,,
03-239,東京外環自動車道,,戸田東,,,
10-040,東京外環自動車道,,外環浦和,,,
03-240,東京外環自動車道,,外環浦和,,,
10-041,東京外環自動車道,,川口西,,,
03-241,東京外環自動車道,,川口西,,,
10-042,東京外環自動車道,,川口中央,,,
03-242,東京外環自動車道,,川口中央,,,
10-043,東京外環自動車道,,川口JCT,,,第一
03-243,東京外環自動車道,,川口JCT,,,第一
10-044,東京外環自動車道,,川口JCT,,,第二
03-244,東京外環自動車道,,川口JCT,,,第二
10-045,東京外環自動車道,,川口東,,,
03-245,東京外環自動車道,,川口東,,,
10-046,東京外環自動車道,,草加,,,第一
03-246,東京外環自動車道,,草加,,,第一
10-047,東京外環自動車道,,草加,,,第二
03-247,東京外環自動車道,,草加,,,第二
10-049,東京外環自動車道,,外環三郷西,,,
03-249,東京外環自動車道,,外環三郷西,,,
03-260,東京外環自動車道,,外環三郷西,,,
03-261,東京外環自動車道,,三郷中央,,,
10-051,東京外環自動車道,,三郷南,,,
03-251,東京外環自動車道,,三郷南,,,
10-052,東京外環自動車道,,松戸,,,
03-252,東京外環自動車道,,松戸,,,
10-053,東京外環自動車道,,市川北,,,
03-253,東京外環自動車道,,市川北,,,
10-054,東京外環自動車道,,市川中央,,,
03-254,東京外環自動車道,,市川中央,,,
10-056,東京外環自動車道,,外環京葉JCT,,,第一
03-256,東京外環自動車道,,外環京葉JCT,,,第一
10-055,東京外環自動車道,,外環京葉JCT,,,第二
03-255,東京外環自動車道,,外環京葉JCT,,,第二
10-057,東京外環自動車道,,市川南,,,
03-257,東京外環自動車道,,市川南,,,
10-058,東京外環自動車道,,高谷JCT,,,
03-258,東京外環自動車道,,高谷JCT,,,
07-971,秋田自動車道,,北上西,,,
07-972,秋田自動車道,,湯田,,,
07-973,秋田自動車道,,横手,,,
07-887,秋田自動車道,,横手北スマート,,,
07-974,秋田自動車道,,大曲,,,
07-926,秋田自動車道,,西仙北スマート,,,
07-975,秋田自動車道,,協和,,,
07-976,秋田自動車道,,秋田南,,,
07-977,秋田自動車道,,秋田中央,,,
07-978,秋田自動車道,,秋田北,,,
07-979,秋田自動車道,,昭和男鹿半島,,,
07-968,秋田自動車道,,五城目八郎潟,,,
07-969,秋田自動車道,,琴丘森岳,,,
07-669,秋田自動車道,,琴丘森岳本線,,,
07-980,山形自動車道,,宮城川崎,,,
07-981,山形自動車道,,笹谷,,,
07-982,山形自動車道,,関沢,,,
07-983,山形自動車道,,山形蔵王,,,
07-984,山形自動車道,,山形北,,,
07-985,山形自動車道,,寒河江,,,
07-444,山形自動車道,,寒河江SAスマート,,,
07-986,山形自動車道,,西川,,,
07-987,山形自動車道,,西川本線,,,
27-988,山形自動車道,,湯殿山,,,
27-888,山形自動車道,,湯殿山,,,
27-579,山形自動車道,,鶴岡,,,
27-001,山形自動車道,,鶴岡本線,,,「庄内空港」から「庄内あさひ」方向へ利用時
27-002,山形自動車道,,鶴岡本線,,,「庄内あさひ」から「庄内空港」方向へ利用時
27-570,山形自動車道,,鶴岡本線,,,
07-676,磐越自動車道,,いわき三和,,,
07-677,磐越自動車道,,小野,,,
07-885,磐越自動車道,,田村スマート,,,
07-678,磐越自動車道,,船引三春,,,
07-679,磐越自動車道,,郡山東,,,
07-680,磐越自動車道,,磐梯熱海,,,
07-681,磐越自動車道,,猪苗代磐梯高原,,,
07-682,磐越自動車道,,磐梯河東,,,
07-683,磐越自動車道,,会津若松,,,
07-480,磐越自動車道,,新鶴スマート,,,
07-684,磐越自動車道,,会津坂下,,,
07-685,磐越自動車道,,西会津,,,
01-686,磐越自動車道,,津川,,,
01-687,磐越自動車道,,三川,,,
01-688,磐越自動車道,,安田,,,
01-689,磐越自動車道,,新津,,,
07-690,磐越自動車道,,新津西スマート,,,
01-670,磐越自動車道,,新潟中央,,,
07-589,日本海東北自動車道,,秋田空港,,,
07-288,日本海東北自動車道,,秋田空港本線,,,
01-570,日本海東北自動車道,,中条本線,,,
01-573,日本海東北自動車道,,中条,,,
01-572,日本海東北自動車道,,聖籠新発田,,,
01-571,日本海東北自動車道,,豊栄新潟東港,,,
01-574,日本海東北自動車道,,豊栄スマート,,,
01-629,日本海東北自動車道,,新潟空港,,,
07-692,日本海東北自動車道,,新潟東スマート,,,
01-628,日本海東北自動車道,,新潟亀田,,,
27-101,日本海東北自動車道,,鶴岡JCT,,,
27-581,日本海東北自動車道,,酒田,,,
27-003,日本海東北自動車道,,酒田本線,,,～H27.11.13まで 「酒田みなと」から「庄内空港」方向へ利用時
27-004,日本海東北自動車道,,酒田本線,,,～H27.11.13まで 「庄内空港」から「酒田みなと」方向へ利用時
27-005,日本海東北自動車道,,酒田本線,,,H27.11.14～ 「酒田中央」から「庄内空港」方向へ利用時
27-006,日本海東北自動車道,,酒田本線,,,H27.11.14～ 「庄内空港」から「酒田中央」方向へ利用時
27-583,日本海東北自動車道,,酒田本線,,,
27-683,日本海東北自動車道,,酒田本線,,,
27-585,日本海東北自動車道,,酒田みなと,,,
07-672,釜石自動車道,,花巻空港,,,
07-289,釜石自動車道,,花巻空港本線,,,
07-435,東北中央自動車道,,山形中央,,,
07-434,東北中央自動車道,,山形上山,,,
07-433,東北中央自動車道,,かみのやま温泉,,,
07-436,東北中央自動車道,,天童,,,
07-462,東北中央自動車道,,天童本線,,,
07-437,東北中央自動車道,,東根,,,平成29年12月1日迄
04-600,関越自動車道,,新座本線,上り,,
04-601,関越自動車道,,新座本線,下り,,
04-603,関越自動車道,,所沢,,,
04-576,関越自動車道,,三芳スマート,,,
04-604,関越自動車道,,川越,,,
04-605,関越自動車道,,鶴ヶ島,,,
04-595,関越自動車道,,坂戸西スマート,,,
04-606,関越自動車道,,東松山,,,
04-602,関越自動車道,,嵐山小川,,,
04-607,関越自動車道,,花園,,,
04-592,関越自動車道,,寄居スマート,,,
04-608,関越自動車道,,本庄児玉,,,
04-593,関越自動車道,,上里スマート,,,
04-598,関越自動車道,,高崎玉村スマート,,,
04-609,関越自動車道,,高崎,,,
04-610,関越自動車道,,前橋,,,
04-577,関越自動車道,,駒寄スマート,,,
04-611,関越自動車道,,渋川伊香保,,,
04-612,関越自動車道,,赤城,,,
04-671,関越自動車道,,昭和,,,
04-613,関越自動車道,,沼田,,,
04-614,関越自動車道,,月夜野,,,
04-615,関越自動車道,,水上,,,
04-616,関越自動車道,,湯沢,,,
04-617,関越自動車道,,塩沢石打,,,
04-618,関越自動車道,,六日町,,,
04-674,関越自動車道,,大和スマート,,,
04-619,関越自動車道,,小出,,,
04-650,関越自動車道,,堀之内,,,
04-620,関越自動車道,,越後川口,,,
04-621,関越自動車道,,小千谷,,,
04-599,関越自動車道,,長岡南越路スマート,,,
04-622,関越自動車道,,長岡,,,
04-631,上信越自動車道,,藤岡,,,
04-632,上信越自動車道,,吉井,,,
04-633,上信越自動車道,,富岡,,,
04-634,上信越自動車道,,下仁田,,,
04-635,上信越自動車道,,松井田妙義,,,
04-636,上信越自動車道,,碓氷軽井沢,,,
04-578,上信越自動車道,,佐久平スマート,,,
04-637,上信越自動車道,,佐久,,,
04-699,上信越自動車道,,佐久小諸JCT,,,
04-638,上信越自動車道,,小諸,,,
04-639,上信越自動車道,,東部湯の丸,,,
04-640,上信越自動車道,,上田菅平,,,
04-641,上信越自動車道,,坂城,,,
04-642,上信越自動車道,,長野,,,
04-643,上信越自動車道,,須坂長野東,,,
04-448,上信越自動車道,,小布施スマート,,,
04-644,上信越自動車道,,信州中野,,,
04-645,上信越自動車道,,豊田飯山,,,
04-646,上信越自動車道,,信濃町,,,
04-647,上信越自動車道,,妙高高原,,,
04-648,上信越自動車道,,中郷,,,
04-587,上信越自動車道,,新井スマート,,,
04-649,上信越自動車道,,上越高田,,,
04-021,常磐自動車道,,三郷本線,上り,,
04-001,常磐自動車道,,三郷本線,下り,,
04-268,常磐自動車道,,三郷スマート,,,
04-018,常磐自動車道,,流山,,,
04-028,常磐自動車道,,流山,,,
04-002,常磐自動車道,,柏,,,
04-003,常磐自動車道,,谷和原,,,
04-004,常磐自動車道,,谷田部,,,
04-005,常磐自動車道,,桜土浦,,,
04-006,常磐自動車道,,土浦北,,,
04-007,常磐自動車道,,千代田石岡,,,
04-030,常磐自動車道,,石岡小美玉スマート,,,
04-008,常磐自動車道,,岩間,,,
04-033,常磐自動車道,,友部SAスマート,,,
04-009,常磐自動車道,,水戸,,,
04-026,常磐自動車道,,水戸北スマート,,,
04-010,常磐自動車道,,那珂,,,
04-222,常磐自動車道,,東海スマート,,,
04-011,常磐自動車道,,日立南太田,,,
04-019,常磐自動車道,,日立中央,,,
04-012,常磐自動車道,,日立北,,,
04-013,常磐自動車道,,高萩,,,
04-014,常磐自動車道,,北茨城,,,
04-015,常磐自動車道,,いわき勿来,,,
04-016,常磐自動車道,,いわき湯本,,,
04-017,常磐自動車道,,いわき中央,,,
04-020,常磐自動車道,,いわき四倉,,,
04-022,常磐自動車道,,広野,,,
04-024,常磐自動車道,,ならはスマート,,,
04-023,常磐自動車道,,常磐富岡,,,
04-134,常磐自動車道,,大熊,,,
04-124,常磐自動車道,,浪江,,,
04-125,常磐自動車道,,南相馬,,,
04-129,常磐自動車道,,南相馬鹿島スマート,,,
04-126,常磐自動車道,,相馬,,,
04-127,常磐自動車道,,新地,,,
04-131,常磐自動車道,,山元南スマート,,,
04-128,常磐自動車道,,山元,,,
04-130,常磐自動車道,,鳥の海スマート,,,
03-017,東関東自動車道,,谷津船橋,,,
03-043,東関東自動車道,,習志野本線,上り,,
03-003,東関東自動車道,,習志野本線,下り,,
03-002,東関東自動車道,,湾岸習志野,,,
03-004,東関東自動車道,,湾岸千葉,,,
03-005,東関東自動車道,,宮野木,,,
03-006,東関東自動車道,,千葉北,,,
03-007,東関東自動車道,,四街道,,,
03-008,東関東自動車道,,佐倉,,,
03-016,東関東自動車道,,酒々井,,,
03-009,東関東自動車道,,富里,,,
03-010,東関東自動車道,,成田,,,
03-012,東関東自動車道,,大栄,,,
03-013,東関東自動車道,,佐原香取,,,
03-014,東関東自動車道,,潮来,,,
04-291,東関東自動車道,,茨城空港北,,,
04-292,東関東自動車道,,鉾田,,,
03-021,館山自動車道,,市原,,,
03-022,館山自動車道,,姉崎袖ヶ浦,,,
03-023,館山自動車道,,木更津北,,,
03-024,館山自動車道,,木更津南,,,
03-025,館山自動車道,,君津,,,
03-020,館山自動車道,,君津スマート,,,
03-026,館山自動車道,,富津中央,,,
03-015,新空港自動車道,,成田スマート,,,
03-011,新空港自動車道,,新空港,,,
01-651,北関東自動車道,,前橋南,,,
01-652,北関東自動車道,,駒形,,,
01-339,北関東自動車道,,波志江スマート,,,
01-653,北関東自動車道,,伊勢崎,,,
01-654,北関東自動車道,,太田藪塚,,,
04-591,北関東自動車道,,太田強戸スマート,,,
01-655,北関東自動車道,,太田桐生,,,
01-656,北関東自動車道,,足利,,,
01-657,北関東自動車道,,佐野田沼,,,
01-658,北関東自動車道,,都賀,,,
01-659,北関東自動車道,,壬生,,,
01-660,北関東自動車道,,宇都宮上三川,,,
01-661,北関東自動車道,,真岡,,,
01-662,北関東自動車道,,桜川筑西,,,
01-663,北関東自動車道,,笠間西,,,
01-664,北関東自動車道,,友部,,,
01-665,北関東自動車道,,茨城町西,,,
01-666,北関東自動車道,,茨城町東,,,
01-401,中央自動車道,,三鷹本線,,入口,
01-024,中央自動車道,,三鷹本線,,入口,
01-402,中央自動車道,,調布,,入口,
01-025,中央自動車道,,調布,,入口,
01-389,中央自動車道,,稲城,,入口,
01-466,中央自動車道,,府中スマート,,入口,
01-403,中央自動車道,,国立府中,,入口,
01-027,中央自動車道,,国立府中,,入口,
01-404,中央自動車道,,八王子,,入口,均一
01-294,中央自動車道,,八王子,,入口,均一
03-200,中央自動車道,,高井戸本線,,出口,
01-272,中央自動車道,,高井戸,,出口,
03-201,中央自動車道,,高井戸,,出口,
01-269,中央自動車道,,調布,,出口,
03-202,中央自動車道,,調布,,出口,
01-270,中央自動車道,,稲城,,出口,
03-209,中央自動車道,,稲城,,出口,
01-266,中央自動車道,,府中スマート,,出口,
03-206,中央自動車道,,府中スマート,,出口,
01-271,中央自動車道,,国立府中,,出口,
03-203,中央自動車道,,国立府中,,出口,
01-273,中央自動車道,,八王子,,出口,均一
03-204,中央自動車道,,八王子,,出口,均一
01-406,中央自動車道,,八王子,,,
01-400,中央自動車道,,八王子本線,上り,,
01-405,中央自動車道,,八王子本線,下り,,
03-205,中央自動車道,,八王子本線,下り,,
01-407,中央自動車道,,相模湖東,,,
01-408,中央自動車道,,相模湖,,,
01-409,中央自動車道,,上野原,,,
01-410,中央自動車道,,大月,,,
01-441,中央自動車道,,都留,,,
01-465,中央自動車道,,富士吉田西桂スマート,,,
01-442,中央自動車道,,河口湖,,,
01-443,中央自動車道,,富士吉田本線,,,
01-411,中央自動車道,,勝沼,,,
01-412,中央自動車道,,一宮御坂,,,
01-438,中央自動車道,,笛吹八代スマート,,,
01-413,中央自動車道,,甲府南,,,
01-416,中央自動車道,,甲府昭和,,,
01-414,中央自動車道,,双葉スマート,,,
01-417,中央自動車道,,韮崎,,,
01-418,中央自動車道,,須玉,,,
01-446,中央自動車道,,長坂,,,
01-419,中央自動車道,,小淵沢,,,
01-420,中央自動車道,,諏訪南,,,
01-421,中央自動車道,,諏訪,,,
01-422,中央自動車道,,伊北,,,
01-423,中央自動車道,,伊那,,,
04-434,中央自動車道,,小黒川スマート,,,
01-424,中央自動車道,,駒ヶ根,,,
04-435,中央自動車道,,駒ヶ岳スマート,,,
01-425,中央自動車道,,松川,,,
01-426,中央自動車道,,飯田,,,
01-439,中央自動車道,,飯田山本,,,
01-415,中央自動車道,,園原,,,
01-427,中央自動車道,,中津川,,,
01-428,中央自動車道,,恵那,,,
01-429,中央自動車道,,瑞浪,,,
01-430,中央自動車道,,土岐,,,
01-431,中央自動車道,,多治見,,,
01-432,中央自動車道,,小牧東,,,
01-458,中部横断自動車道,,白根,,,
01-459,中部横断自動車道,,南アルプス,,,
01-460,中部横断自動車道,,南アルプス本線,,,平成29年3月19日迄
04-462,中部横断自動車道,,増穂,,,
04-463,中部横断自動車道,,富士川本線,,,
04-464,中部横断自動車道,,富沢本線,,,
01-201,名神高速道路,,小牧,,,
01-202,名神高速道路,,一宮,,,
01-223,名神高速道路,,一宮合併,,,
01-203,名神高速道路,,岐阜羽島,,,
04-847,名神高速道路,,安八スマート,,,
01-204,名神高速道路,,大垣,,,
04-848,名神高速道路,,養老SAスマート,,,
01-205,名神高速道路,,関ヶ原,,,
01-206,名神高速道路,,彦根,,,
01-200,名神高速道路,,湖東三山スマート,,,
01-207,名神高速道路,,八日市,,,
01-259,名神高速道路,,蒲生スマート,,,
01-208,名神高速道路,,竜王,,,
01-288,名神高速道路,,栗東湖南,,,
01-209,名神高速道路,,栗東,,,
01-220,名神高速道路,,瀬田東,,,
01-210,名神高速道路,,瀬田西,,,
01-211,名神高速道路,,大津,,,
01-212,名神高速道路,,京都東,,,
01-213,名神高速道路,,京都南,,,
01-221,名神高速道路,,大山崎,,,
01-214,名神高速道路,,茨木,,,
01-215,名神高速道路,,名神吹田,,,
01-285,名神高速道路,,名神吹田,,,合併
01-216,名神高速道路,,豊中,,,
01-219,名神高速道路,,豊中,,,合併
02-219,名神高速道路,,豊中,,,合併
01-217,名神高速道路,,尼崎,,,
01-218,名神高速道路,,西宮本線,,,
04-850,新名神高速道路,,菰野,,,
04-851,新名神高速道路,,鈴鹿PAスマート,,,
01-263,新名神高速道路,,甲賀土山,,,
01-264,新名神高速道路,,甲南,,,
01-265,新名神高速道路,,信楽,,,
01-287,新名神高速道路,,草津田上,,,
04-854,新名神高速道路,,城陽,,,
04-864,新名神高速道路,,城陽JCT,,,
04-855,新名神高速道路,,八幡京田辺,,,
04-856,新名神高速道路,,高槻,,,
04-857,新名神高速道路,,茨木千提寺,,,
04-858,新名神高速道路,,箕面とどろみ,,,
04-859,新名神高速道路,,川西,,,
04-860,新名神高速道路,,宝塚北スマート,,,
01-457,長野自動車道,,更埴,,,
01-451,長野自動車道,,岡谷,,,
01-452,長野自動車道,,塩尻,,,
01-453,長野自動車道,,塩尻北,,,
01-454,長野自動車道,,松本,,,
01-461,長野自動車道,,梓川スマート,,,
01-456,長野自動車道,,麻績,,,
01-449,長野自動車道,,姨捨スマート,,,
04-797,新東名高速道路,,厚木南,,,
04-804,新東名高速道路,,長泉沼津,,,
04-819,新東名高速道路,,駿河湾沼津スマート,,,
04-805,新東名高速道路,,新富士,,,
04-806,新東名高速道路,,新清水,,,
04-807,新東名高速道路,,清水いはら,,,
04-808,新東名高速道路,,新静岡,,,
04-810,新東名高速道路,,藤枝岡部,,,
04-811,新東名高速道路,,島田金谷,,,
04-812,新東名高速道路,,森掛川,,,
04-820,新東名高速道路,,遠州森町スマート,,,
04-813,新東名高速道路,,浜松浜北,,,
04-815,新東名高速道路,,浜松いなさ,,,
04-816,新東名高速道路,,浜松いなさ北,,,
04-817,新東名高速道路,,新城,,,
04-818,新東名高速道路,,岡崎東,,,
01-102,東名高速道路,,東京本線,上り,,
01-101,東名高速道路,,東京本線,下り,,
01-103,東名高速道路,,東名川崎,,,
01-134,東名高速道路,,横浜青葉,,,
01-104,東名高速道路,,横浜町田,,,
01-144,東名高速道路,,横浜町田,,,
01-105,東名高速道路,,厚木,,,
01-145,東名高速道路,,厚木,,,
01-106,東名高速道路,,秦野中井,,,
01-107,東名高速道路,,大井松田,,,
04-834,東名高速道路,,足柄スマート,,,
01-108,東名高速道路,,御殿場,,,
01-126,東名高速道路,,御殿場東,,,
01-128,東名高速道路,,御殿場東,,入口,
01-127,東名高速道路,,裾野,,,
01-109,東名高速道路,,沼津,,,
04-840,東名高速道路,,愛鷹スマート,,,
01-110,東名高速道路,,富士,,,
01-169,東名高速道路,,富士川スマート,,,
01-111,東名高速道路,,清水,,,
04-837,東名高速道路,,日本平久能山スマート,,,
01-112,東名高速道路,,静岡,,,
01-113,東名高速道路,,焼津,,,
04-841,東名高速道路,,大井川焼津藤枝スマート,,,
01-114,東名高速道路,,吉田,,,
01-129,東名高速道路,,相良牧之原,,,
01-115,東名高速道路,,菊川,,,
01-132,東名高速道路,,掛川,,,
01-116,東名高速道路,,袋井,,,
01-170,東名高速道路,,遠州豊田スマート,,,
01-133,東名高速道路,,磐田,,,
01-117,東名高速道路,,浜松,,,
04-838,東名高速道路,,三方原スマート,,,
01-118,東名高速道路,,浜松西,,,
04-839,東名高速道路,,舘山寺スマート,,,
01-119,東名高速道路,,三ヶ日,,,
01-120,東名高速道路,,豊川,,,
01-121,東名高速道路,,音羽蒲郡,,,
01-122,東名高速道路,,岡崎,,,
01-123,東名高速道路,,豊田,,,
01-130,東名高速道路,,東名三好,,,
01-135,東名高速道路,,長久手,,,
01-124,東名高速道路,,名古屋,,,
04-842,東名高速道路,,守山スマート,,,
01-125,東名高速道路,,春日井,,,
66-135,名古屋瀬戸道路,,長久手,,,
01-231,東海北陸自動車道,,一宮西,,,
01-232,東海北陸自動車道,,尾西,,,
01-233,東海北陸自動車道,,一宮木曽川,,,
01-234,東海北陸自動車道,,岐阜各務原,,,
01-235,東海北陸自動車道,,関,,,
01-236,東海北陸自動車道,,美濃,,,
01-237,東海北陸自動車道,,美並,,,
01-238,東海北陸自動車道,,郡上八幡,,,
01-239,東海北陸自動車道,,ぎふ大和,,,
01-240,東海北陸自動車道,,白鳥,,,
01-247,東海北陸自動車道,,白鳥本線,,,
01-241,東海北陸自動車道,,高鷲,,,
01-229,東海北陸自動車道,,ひるがの高原スマート,,,
01-242,東海北陸自動車道,,荘川,,,
01-243,東海北陸自動車道,,飛騨清見,,,
01-244,東海北陸自動車道,,福光,,,
01-245,東海北陸自動車道,,五箇山,,,
01-246,東海北陸自動車道,,白川郷,,,
04-629,東海北陸自動車道,,南砺スマート,,,
01-179,伊勢湾岸自動車道,,豊田東,,,
01-168,伊勢湾岸自動車道,,豊田南,,,第一
01-178,伊勢湾岸自動車道,,豊田南,,,第二
01-177,伊勢湾岸自動車道,,豊明,,,
01-172,伊勢湾岸自動車道,,名古屋南,上り,,第一
01-173,伊勢湾岸自動車道,,名古屋南,下り,,第一
01-180,伊勢湾岸自動車道,,名古屋南,,,第二
01-174,伊勢湾岸自動車道,,大府,,,第一
01-175,伊勢湾岸自動車道,,大府,,,第二
01-176,伊勢湾岸自動車道,,東海,,,第一
06-198,伊勢湾岸自動車道,,東海合併,,,
01-249,伊勢湾岸自動車道,,東海,,,第二
06-951,伊勢湾岸自動車道,,東海,,,第二
01-250,伊勢湾岸自動車道,,名港潮見,,,
01-251,伊勢湾岸自動車道,,名港中央,,,
01-252,伊勢湾岸自動車道,,飛島,,,名古屋南方面
01-262,伊勢湾岸自動車道,,飛島,,,四日市方面
01-253,伊勢湾岸自動車道,,湾岸弥富,,,
01-254,伊勢湾岸自動車道,,弥富木曽岬,,,
01-255,伊勢湾岸自動車道,,湾岸長島,,,
01-256,伊勢湾岸自動車道,,湾岸桑名,,,
01-257,伊勢湾岸自動車道,,みえ川越,,,
01-258,伊勢湾岸自動車道,,みえ朝日,,,
06-199,伊勢湾岸自動車道,,名古屋南,,,第三
01-535,北陸自動車道,,米原,,,
01-534,北陸自動車道,,長浜,,,
04-628,北陸自動車道,,小谷城スマート,,,
01-533,北陸自動車道,,木之本,,,
01-532,北陸自動車道,,敦賀,,,
01-531,北陸自動車道,,今庄,,,
01-482,北陸自動車道,,南条スマート,,,
01-530,北陸自動車道,,武生,,,
01-529,北陸自動車道,,鯖江,,,
01-528,北陸自動車道,,福井,,,
01-527,北陸自動車道,,福井北,,,
01-526,北陸自動車道,,丸岡,,,
01-525,北陸自動車道,,金津,,,
01-524,北陸自動車道,,加賀,,,
01-523,北陸自動車道,,片山津,,,
01-143,北陸自動車道,,安宅スマート,,,
01-522,北陸自動車道,,小松,,,
04-582,北陸自動車道,,能美根上スマート,,,
01-521,北陸自動車道,,美川,,,
01-586,北陸自動車道,,徳光スマート,,,
01-583,北陸自動車道,,白山,,,
01-520,北陸自動車道,,金沢西,,,第一
01-540,北陸自動車道,,金沢西,,,第二
01-539,北陸自動車道,,金沢東,,,第一
01-519,北陸自動車道,,金沢東,,,第二
01-675,北陸自動車道,,金沢森本,,,
01-518,北陸自動車道,,小矢部,,,
01-668,北陸自動車道,,小矢部東本線,,,
01-517,北陸自動車道,,砺波,,,
04-627,北陸自動車道,,高岡砺波スマート,,,
01-516,北陸自動車道,,小杉,,,
01-630,北陸自動車道,,富山西,,,
01-515,北陸自動車道,,富山,,,
01-142,北陸自動車道,,流杉スマート,,,
01-514,北陸自動車道,,立山,,,
01-513,北陸自動車道,,滑川,,,
01-512,北陸自動車道,,魚津,,,
01-511,北陸自動車道,,黒部,,,
01-585,北陸自動車道,,入善スマート,,,
01-510,北陸自動車道,,朝日,,,
01-509,北陸自動車道,,親不知,,,
01-508,北陸自動車道,,糸魚川,,,
01-507,北陸自動車道,,能生,,,
01-506,北陸自動車道,,名立谷浜,,,
01-505,北陸自動車道,,上越,,,
01-481,北陸自動車道,,大潟スマート,,,
01-483,北陸自動車道,,大潟スマート,,,
01-504,北陸自動車道,,柿崎,,,
01-503,北陸自動車道,,米山,,,
01-502,北陸自動車道,,柏崎,,,
01-501,北陸自動車道,,西山,,,
07-693,北陸自動車道,,長岡北スマート,,,
04-623,北陸自動車道,,中之島見附,,,
07-880,北陸自動車道,,栄スマート,,,
04-624,北陸自動車道,,三条燕,,,
04-625,北陸自動車道,,巻潟東,,,
01-584,北陸自動車道,,黒埼スマート,,,
04-626,北陸自動車道,,新潟西,,,第一
01-627,北陸自動車道,,新潟西,,,第二
24-051,近畿自動車道,,吹田本線,,,
24-551,近畿自動車道,,吹田本線,,,
06-300,近畿自動車道,,吹田本線,,,
01-385,近畿自動車道,,吹田本線,,,合併
06-301,近畿自動車道,,吹田,,,
24-052,近畿自動車道,,摂津北,,,
24-552,近畿自動車道,,摂津北,,,
06-302,近畿自動車道,,摂津北,,,
24-053,近畿自動車道,,摂津南,,,
24-553,近畿自動車道,,摂津南,,,
06-303,近畿自動車道,,摂津南,,,
24-386,近畿自動車道,,守口,,,
06-525,近畿自動車道,,守口JCT,,,
06-304,近畿自動車道,,守口JCT,,,
24-054,近畿自動車道,,門真,,,
24-554,近畿自動車道,,門真,,,
06-305,近畿自動車道,,門真,,,
06-516,近畿自動車道,,門真JCT,,,東大阪JCT経由
06-517,近畿自動車道,,門真JCT,,,
06-527,近畿自動車道,,門真JCT,,,
06-524,近畿自動車道,,門真JCT,,,
06-306,近畿自動車道,,門真JCT,,,
06-519,近畿自動車道,,門真本線,,,
06-526,近畿自動車道,,門真本線,,,
06-520,近畿自動車道,,門真本線,,,合併
24-055,近畿自動車道,,大東鶴見,,,
24-555,近畿自動車道,,大東鶴見,,,
06-307,近畿自動車道,,大東鶴見,,,
24-056,近畿自動車道,,東大阪北,,,
06-522,近畿自動車道,,東大阪北,,,
24-556,近畿自動車道,,東大阪北,,,
06-308,近畿自動車道,,東大阪北,,,
24-057,近畿自動車道,,東大阪,,,第一
24-557,近畿自動車道,,東大阪,,,第一
24-157,近畿自動車道,,東大阪,,,第一 合併
24-657,近畿自動車道,,東大阪,,,第一 合併
24-757,近畿自動車道,,東大阪,,,第一 合併
24-088,近畿自動車道,,東大阪,,,第二
24-588,近畿自動車道,,東大阪,,,第二
24-188,近畿自動車道,,東大阪,,,第二 合併
24-688,近畿自動車道,,東大阪,,,第二 合併
24-788,近畿自動車道,,東大阪,,,第二 合併
06-521,近畿自動車道,,東大阪JCT,,,
06-309,近畿自動車道,,東大阪JCT,,,
03-440,近畿自動車道,,東大阪JCT,,,
03-438,近畿自動車道,,東大阪JCT,,,
24-058,近畿自動車道,,東大阪南,,,
24-558,近畿自動車道,,東大阪南,,,
06-310,近畿自動車道,,東大阪南,,,
24-059,近畿自動車道,,八尾本線,,,
24-559,近畿自動車道,,八尾本線,,,
06-312,近畿自動車道,,八尾,,,
06-313,近畿自動車道,,長原,,,
24-572,近畿自動車道,,長原,,,
24-573,近畿自動車道,,長原,,,
06-314,近畿自動車道,,長原,,,
24-570,近畿自動車道,,松原,,,
25-572,西名阪自動車道,,長原,,,
25-570,西名阪自動車道,,松原,,,
25-061,西名阪自動車道,,松原本線,,,
25-062,西名阪自動車道,,藤井寺,,,
25-162,西名阪自動車道,,藤井寺,,,
06-331,西名阪自動車道,,藤井寺,,,
25-063,西名阪自動車道,,柏原本線,,,
25-163,西名阪自動車道,,柏原本線,,,
06-333,西名阪自動車道,,柏原,,,
25-270,西名阪自動車道,,香芝,,,
06-334,西名阪自動車道,,香芝,,,
06-335,西名阪自動車道,,香芝,,,
25-065,西名阪自動車道,,法隆寺,,,
25-165,西名阪自動車道,,法隆寺,,,
25-265,西名阪自動車道,,法隆寺,,,
06-336,西名阪自動車道,,法隆寺,,,
06-337,西名阪自動車道,,法隆寺,,,
25-068,西名阪自動車道,,大和まほろばスマート,,,
25-268,西名阪自動車道,,大和まほろばスマート,,,
25-468,西名阪自動車道,,大和まほろばスマート,,,
06-338,西名阪自動車道,,大和まほろばスマート,,,
06-339,西名阪自動車道,,大和まほろばスマート,,,
25-069,西名阪自動車道,,郡山下ツ道,,,
25-269,西名阪自動車道,,郡山下ツ道,,,
25-469,西名阪自動車道,,郡山下ツ道,,,
06-340,西名阪自動車道,,郡山下ツ道,,,
06-341,西名阪自動車道,,郡山下ツ道,,,
25-066,西名阪自動車道,,郡山,,,
25-076,西名阪自動車道,,郡山,,,
25-266,西名阪自動車道,,郡山,,,
06-342,西名阪自動車道,,郡山,,,
06-343,西名阪自動車道,,郡山,,,
25-067,西名阪自動車道,,天理本線,上り,,
25-077,西名阪自動車道,,天理本線,上り,,
25-167,西名阪自動車道,,天理本線,下り,,
25-177,西名阪自動車道,,天理本線,下り,,
06-344,西名阪自動車道,,天理,,,
01-131,名古屋第二環状自動車道,,名二環名古屋,,入口,
06-132,名古屋第二環状自動車道,,本郷,,入口,
06-168,名古屋第二環状自動車道,,高針,,入口,
06-133,名古屋第二環状自動車道,,上社,,入口,
06-134,名古屋第二環状自動車道,,引山,,入口,
06-135,名古屋第二環状自動車道,,大森,,入口,
06-136,名古屋第二環状自動車道,,小幡,,入口,
06-137,名古屋第二環状自動車道,,松河戸,,入口,
06-146,名古屋第二環状自動車道,,勝川,,入口,第一
06-138,名古屋第二環状自動車道,,勝川,,入口,第二
06-139,名古屋第二環状自動車道,,楠,,入口,
06-140,名古屋第二環状自動車道,,楠JCT,,入口,第一
06-141,名古屋第二環状自動車道,,楠JCT,,入口,第二
06-142,名古屋第二環状自動車道,,山田西,,入口,第一
06-143,名古屋第二環状自動車道,,山田西,,入口,第二
06-144,名古屋第二環状自動車道,,平田,,入口,
06-145,名古屋第二環状自動車道,,清洲東,,入口,第一
06-161,名古屋第二環状自動車道,,清洲東,,入口,第二
06-162,名古屋第二環状自動車道,,清洲西,,入口,
06-163,名古屋第二環状自動車道,,甚目寺北,,入口,
06-164,名古屋第二環状自動車道,,甚目寺南,,入口,
06-165,名古屋第二環状自動車道,,大治北,,入口,
06-166,名古屋第二環状自動車道,,大治南,,入口,
06-167,名古屋第二環状自動車道,,大治本線,,入口,
06-207,名古屋第二環状自動車道,,大治本線,,入口,
06-130,名古屋第二環状自動車道,,上社南,,入口,
06-129,名古屋第二環状自動車道,,植田,,入口,第二
06-128,名古屋第二環状自動車道,,植田,,入口,第一
06-127,名古屋第二環状自動車道,,鳴海,,入口,第二
06-126,名古屋第二環状自動車道,,鳴海,,入口,第一
06-125,名古屋第二環状自動車道,,有松,,入口,第二
06-124,名古屋第二環状自動車道,,有松,,入口,第一
06-123,名古屋第二環状自動車道,,名古屋南,,入口,第三
06-122,名古屋第二環状自動車道,,名古屋南,,入口,第三
06-243,名古屋第二環状自動車道,,名古屋西JCT,,出口,東名阪方面
06-242,名古屋第二環状自動車道,,名古屋西JCT,,出口,名古屋高速方面
06-241,名古屋第二環状自動車道,,大治南,,出口,
06-240,名古屋第二環状自動車道,,大治北,,出口,
06-239,名古屋第二環状自動車道,,甚目寺南,,出口,
06-238,名古屋第二環状自動車道,,甚目寺北,,出口,
06-237,名古屋第二環状自動車道,,清洲西,,出口,
06-236,名古屋第二環状自動車道,,清洲東,,出口,第二
06-235,名古屋第二環状自動車道,,清洲JCT,内回り,出口,
06-234,名古屋第二環状自動車道,,清洲JCT,外回り,出口,
06-233,名古屋第二環状自動車道,,清洲東,,出口,第一
06-232,名古屋第二環状自動車道,,平田,,出口,
06-231,名古屋第二環状自動車道,,山田東,外回り,出口,
06-230,名古屋第二環状自動車道,,山田東,内回り,出口,
06-229,名古屋第二環状自動車道,,楠JCT,外回り,出口,
06-228,名古屋第二環状自動車道,,楠JCT,内回り,出口,
06-227,名古屋第二環状自動車道,,楠,,出口,
06-226,名古屋第二環状自動車道,,勝川,,出口,第二
06-225,名古屋第二環状自動車道,,勝川,,出口,第一
06-224,名古屋第二環状自動車道,,松河戸,,出口,
06-223,名古屋第二環状自動車道,,小幡,,出口,
06-222,名古屋第二環状自動車道,,大森,,出口,
06-221,名古屋第二環状自動車道,,引山,,出口,
06-220,名古屋第二環状自動車道,,上社,,出口,
06-219,名古屋第二環状自動車道,,本郷,,出口,
06-218,名古屋第二環状自動車道,,東名名古屋,,出口,
06-217,名古屋第二環状自動車道,,上社南,,出口,
06-216,名古屋第二環状自動車道,,高針JCT,,出口,
06-215,名古屋第二環状自動車道,,植田,,出口,第二
06-214,名古屋第二環状自動車道,,植田,,出口,第一
06-213,名古屋第二環状自動車道,,鳴海,,出口,第二
06-212,名古屋第二環状自動車道,,鳴海,,出口,第一
06-211,名古屋第二環状自動車道,,有松,,出口,第二
06-210,名古屋第二環状自動車道,,有松,,出口,第一
06-209,名古屋第二環状自動車道,,名古屋南,,出口,第三 名古屋高速方面
06-208,名古屋第二環状自動車道,,名古屋南,,出口,第三 伊勢湾岸方面
06-149,東名阪自動車道,,名古屋西本線,上り,,
06-150,東名阪自動車道,,名古屋西本線,下り,,
06-151,東名阪自動車道,,蟹江,,,
06-152,東名阪自動車道,,弥富,,,
06-153,東名阪自動車道,,長島,,,
06-154,東名阪自動車道,,桑名東,,,
06-155,東名阪自動車道,,桑名,,,
06-156,東名阪自動車道,,四日市東,,,
06-157,東名阪自動車道,,四日市,,,
06-158,東名阪自動車道,,鈴鹿,,,
06-088,東名阪自動車道,,亀山PAスマート,,,
06-160,東名阪自動車道,,亀山,,,
06-171,伊勢自動車道,,伊勢関,,,
06-172,伊勢自動車道,,芸濃,,,
06-173,伊勢自動車道,,津,,,
06-174,伊勢自動車道,,久居,,,
06-179,伊勢自動車道,,一志嬉野,,,
06-175,伊勢自動車道,,松阪,,,
06-180,伊勢自動車道,,勢和多気,,,
06-177,伊勢自動車道,,玉城,,,
06-178,伊勢自動車道,,伊勢本線,,,
06-181,紀勢自動車道,,大宮大台,,,
06-182,紀勢自動車道,,紀勢大内山,,,
06-183,紀勢自動車道,,大紀本線,,,
06-572,阪和自動車道,,長原,,,
26-572,阪和自動車道,,長原,,,
06-033,阪和自動車道,,長原,,,
03-457,阪和自動車道,,松原JCT,,,
03-462,阪和自動車道,,松原JCT,,,
06-320,阪和自動車道,,松原,,,
26-570,阪和自動車道,,松原,,,
26-571,阪和自動車道,,松原,,,
06-319,阪和自動車道,,松原,,,
45-003,阪和自動車道,,たじはや合併,,,
45-013,阪和自動車道,,たじはや合併,,,
26-072,阪和自動車道,,美原北,,,
26-172,阪和自動車道,,美原北,,,
06-321,阪和自動車道,,美原北,,,
06-323,阪和自動車道,,美原南,,,
26-173,阪和自動車道,,堺本線,上り,,
06-031,阪和自動車道,,堺本線,上り,,
06-324,阪和自動車道,,堺本線,上り,,
26-073,阪和自動車道,,堺本線,下り,,
26-040,阪和自動車道,,平井本線,,,
26-140,阪和自動車道,,平井本線,,,
26-074,阪和自動車道,,堺,,,
06-074,阪和自動車道,,堺,,,
26-174,阪和自動車道,,堺,,,
26-075,阪和自動車道,,岸和田和泉,,,均一
26-175,阪和自動車道,,岸和田和泉,,,均一
06-075,阪和自動車道,,岸和田和泉,,,
06-076,阪和自動車道,,岸和田本線,,,
06-276,阪和自動車道,,岸和田本線,,,
06-376,阪和自動車道,,岸和田本線,,,
06-032,阪和自動車道,,岸和田本線,,,
06-327,阪和自動車道,,岸和田本線,,,
06-077,阪和自動車道,,貝塚,,,
06-078,阪和自動車道,,泉南,,,
06-079,阪和自動車道,,阪南,,,
06-106,阪和自動車道,,岩出根来本線,,,
06-104,阪和自動車道,,和歌山北,,,
06-080,阪和自動車道,,和歌山,,,
06-107,阪和自動車道,,和歌山南スマート,,,
06-085,阪和自動車道,,海南東,,,
06-082,阪和自動車道,,海南,,,
06-086,阪和自動車道,,海南,,,
06-089,阪和自動車道,,下津,,,
06-090,阪和自動車道,,有田,,,
06-100,阪和自動車道,,御坊南,,,
06-101,阪和自動車道,,印南,,,
06-102,阪和自動車道,,みなべ,,,
06-103,阪和自動車道,,南紀田辺,,,
06-105,阪和自動車道,,南紀田辺本線,,,
06-322,南阪奈道路,,たじはや本線,,,
45-011,南阪奈道路,,たじはや本線,,,
06-350,南阪奈道路,,美原,,,
06-352,南阪奈道路,,美原東,,,
06-354,南阪奈道路,,羽曳野,,,
06-353,南阪奈道路,,羽曳野,,,
35-001,南阪奈道路,,羽曳野東,,,
35-011,南阪奈道路,,羽曳野東,,,
06-355,南阪奈道路,,羽曳野東,,,
06-356,南阪奈道路,,羽曳野東,,,
35-002,南阪奈道路,,太子本線,,,
35-012,南阪奈道路,,太子本線,,,
06-363,南阪奈道路,,太子本線,,,
35-003,南阪奈道路,,太子,,,
35-013,南阪奈道路,,太子,,,
06-357,南阪奈道路,,太子,,,
06-358,南阪奈道路,,太子,,,
06-359,南阪奈道路,,太子,,,
06-361,南阪奈道路,,太子,,,
06-365,南阪奈道路,,葛城,,,
06-367,南阪奈道路,,新庄,,,
06-325,堺泉北道路,,平井本線,,,
06-326,堺泉北道路,,平井本線,,,
44-102,堺泉北道路,,太平寺・平井,,,
06-370,堺泉北道路,,平井,,,
06-371,堺泉北道路,,太平寺,,,
44-104,堺泉北道路,,菱木本線,,,
06-042,堺泉北道路,,菱木本線,,,
06-373,堺泉北道路,,菱木本線,,,
06-375,堺泉北道路,,菱木本線,,,
06-372,堺泉北道路,,菱木,,,
03-631,堺泉北道路,,助松JCT,,,
42-001,第二阪奈道路,,小瀬本線,,,
42-002,第二阪奈道路,,小瀬,,,
42-003,第二阪奈道路,,壱分,,,
01-341,舞鶴若狭自動車道,,三田西,,,
01-342,舞鶴若狭自動車道,,丹南篠山口,,,
01-343,舞鶴若狭自動車道,,春日,,,
01-344,舞鶴若狭自動車道,,福知山,,,
01-345,舞鶴若狭自動車道,,綾部,,,
01-346,舞鶴若狭自動車道,,舞鶴西,,,
01-347,舞鶴若狭自動車道,,舞鶴東,,,
01-348,舞鶴若狭自動車道,,大飯高浜,,,
01-349,舞鶴若狭自動車道,,小浜西,,,
01-350,舞鶴若狭自動車道,,小浜,,,
04-352,舞鶴若狭自動車道,,若狭上中,,,
04-355,舞鶴若狭自動車道,,三方五湖スマート,,,
04-353,舞鶴若狭自動車道,,若狭三方,,,
04-354,舞鶴若狭自動車道,,若狭美浜,,,
04-351,舞鶴若狭自動車道,,敦賀南スマート,,,
06-083,関西空港自動車道,,泉佐野本線,,,
06-084,関西空港自動車道,,上之郷,,,
01-301,中国自動車道,,中国吹田,,,
01-302,中国自動車道,,中国豊中,,,
01-321,中国自動車道,,中国池田,,,
01-303,中国自動車道,,宝塚,,,
01-300,中国自動車道,,西宮山口本線,,,
01-304,中国自動車道,,西宮北,,,
01-322,中国自動車道,,神戸三田,,,
01-305,中国自動車道,,吉川,,,
01-353,中国自動車道,,ひょうご東条,,,
01-306,中国自動車道,,滝野社,,,
01-330,中国自動車道,,加西,,,
01-307,中国自動車道,,福崎,,,
02-396,中国自動車道,,夢前スマート,,,
01-308,中国自動車道,,山崎,,,
02-397,中国自動車道,,佐用本線,,,
01-309,中国自動車道,,佐用,,,
01-336,中国自動車道,,作東,,,
01-310,中国自動車道,,美作,,,
02-408,中国自動車道,,勝央,,,
01-311,中国自動車道,,津山,,,
01-312,中国自動車道,,院庄,,,
01-313,中国自動車道,,落合,,,
01-314,中国自動車道,,北房,,,
01-351,中国自動車道,,大佐スマート,,,
01-315,中国自動車道,,新見,,,
01-316,中国自動車道,,東城,,,
01-317,中国自動車道,,庄原,,,
01-224,中国自動車道,,三次東,,,
01-318,中国自動車道,,三次,,,
01-319,中国自動車道,,高田,,,
01-320,中国自動車道,,千代田,,,
01-352,中国自動車道,,加計スマート,,,
01-323,中国自動車道,,戸河内,,,
01-324,中国自動車道,,吉和,,,
01-325,中国自動車道,,六日市,,,
01-326,中国自動車道,,鹿野,,,
01-327,中国自動車道,,徳地,,,
01-328,中国自動車道,,山口,,,
01-329,中国自動車道,,小郡,,,
02-399,中国自動車道,,美祢東,,,
01-331,中国自動車道,,美祢,,,
01-335,中国自動車道,,美祢西,,,
01-332,中国自動車道,,小月,,,
01-333,中国自動車道,,下関,,,
01-742,岡山自動車道,,岡山総社,,,
01-743,岡山自動車道,,賀陽,,,
01-744,岡山自動車道,,有漢,,,
01-489,山陽自動車道,,神戸西,,,
01-541,山陽自動車道,,神戸西本線,,,
01-701,山陽自動車道,,神戸北,,,
01-702,山陽自動車道,,三木東,,,
01-703,山陽自動車道,,三木小野,,,
01-704,山陽自動車道,,加古川北,,,
01-705,山陽自動車道,,山陽姫路東,,,
01-706,山陽自動車道,,山陽姫路西,,,
01-707,山陽自動車道,,龍野,,,
01-708,山陽自動車道,,龍野西,,,
01-709,山陽自動車道,,赤穂,,,
01-710,山陽自動車道,,備前,,,
01-711,山陽自動車道,,和気,,,
01-712,山陽自動車道,,山陽,,,
01-713,山陽自動車道,,岡山,,,
01-782,山陽自動車道,,吉備スマート,,,
02-556,山陽自動車道,,早島本線,,,
02-486,山陽自動車道,,早島本線,,,
01-741,山陽自動車道,,早島,,,
01-714,山陽自動車道,,倉敷,,,
01-715,山陽自動車道,,玉島,,,
01-716,山陽自動車道,,鴨方,,,
01-717,山陽自動車道,,笠岡,,,
01-718,山陽自動車道,,福山東,,,
02-405,山陽自動車道,,福山SAスマート,,,
01-719,山陽自動車道,,福山西,,,
02-401,山陽自動車道,,尾道本線,,,
01-720,山陽自動車道,,尾道,,,
01-721,山陽自動車道,,三原久井,,,
01-739,山陽自動車道,,本郷,,,
01-722,山陽自動車道,,河内,,,
02-402,山陽自動車道,,高屋,,,
01-723,山陽自動車道,,西条,,,
01-724,山陽自動車道,,志和,,,
02-225,山陽自動車道,,都市高速広島東,,,
01-725,山陽自動車道,,広島東,,,
01-726,山陽自動車道,,広島,,,
02-404,山陽自動車道,,沼田PAスマート,,,
01-727,山陽自動車道,,五日市,,,
01-731,山陽自動車道,,岩国,,,
01-732,山陽自動車道,,玖珂,,,
01-733,山陽自動車道,,熊毛,,,
01-734,山陽自動車道,,徳山東,,,
01-735,山陽自動車道,,徳山西,,,
01-736,山陽自動車道,,防府東,,,
01-737,山陽自動車道,,防府西,,,
01-738,山陽自動車道,,山口南,,,
01-358,山陽自動車道,,宇部,,,
02-403,山陽自動車道,,宇部本線,,,
01-359,山陽自動車道,,小野田,,,
01-360,山陽自動車道,,埴生,,,
01-367,山陽自動車道,,宮島スマート,,,
01-745,播磨自動車道,,播磨新宮,,,
01-361,米子自動車道,,久世,,,
01-362,米子自動車道,,湯原,,,
01-363,米子自動車道,,蒜山,,,
01-364,米子自動車道,,江府,,,
01-365,米子自動車道,,溝口,,,
01-378,米子自動車道,,大山高原スマート,,,
01-366,米子自動車道,,米子,,,
01-381,広島自動車道,,広島西風新都,,,
01-380,広島自動車道,,広島北,,,
01-370,浜田自動車道,,大朝,,,
01-371,浜田自動車道,,瑞穂,,,
01-372,浜田自動車道,,旭,,,
01-377,浜田自動車道,,金城スマート,,,
01-373,浜田自動車道,,浜田,,,
79-003,松江自動車道,,三刀屋木次,,,
02-103,松江自動車道,,三刀屋木次,,,
02-106,松江自動車道,,三刀屋木次,,,
79-001,山陰自動車道,,松江玉造,,,
02-101,山陰自動車道,,松江玉造,,,
02-102,山陰自動車道,,宍道,,,
02-104,山陰自動車道,,斐川,,,
02-105,山陰自動車道,,斐川本線,,,
78-001,山陰自動車道,,安来,,,
78-011,山陰自動車道,,安来,,,
78-002,山陰自動車道,,安来本線,,,
78-012,山陰自動車道,,安来本線,,,
78-003,山陰自動車道,,米子西,,,
78-004,山陰自動車道,,東出雲,,,
08-756,松山自動車道,,三島川之江,,,
08-757,松山自動車道,,土居,,,
08-758,松山自動車道,,新居浜,,,
08-759,松山自動車道,,いよ西条,,,
08-760,松山自動車道,,いよ小松,,,
08-761,松山自動車道,,川内,,,
08-762,松山自動車道,,松山,,,
08-763,松山自動車道,,伊予,,,
08-764,松山自動車道,,内子五十崎,,,
08-765,松山自動車道,,大洲,,,
08-286,松山自動車道,,大洲松尾本線,,,
08-886,松山自動車道,,大洲松尾本線,,,
08-771,徳島自動車道,,井川池田,,,
08-781,徳島自動車道,,吉野川スマート,,,
08-770,徳島自動車道,,美馬,,,
08-769,徳島自動車道,,脇町,,,
08-768,徳島自動車道,,土成,,,
08-767,徳島自動車道,,藍住,,,
08-766,徳島自動車道,,徳島,,,
08-866,徳島自動車道,,徳島,,,平成25年6月4日午前6時以降
08-861,徳島自動車道,,松茂スマート,,,
01-555,高松自動車道,,鳴門,,,
01-567,高松自動車道,,鳴門本線,,,
08-783,高松自動車道,,板野,,,
08-784,高松自動車道,,引田,,,
08-785,高松自動車道,,白鳥大内,,,
08-786,高松自動車道,,津田東,,,
08-787,高松自動車道,,津田寒川,,,
08-788,高松自動車道,,志度,,,
08-789,高松自動車道,,さぬき三木,,,
08-780,高松自動車道,,高松東,,,
08-748,高松自動車道,,高松中央,,,
08-749,高松自動車道,,高松檀紙,,,
08-750,高松自動車道,,高松西,,,
02-565,高松自動車道,,坂出,,,
02-566,高松自動車道,,坂出本線,,,
08-753,高松自動車道,,善通寺,,,
08-779,高松自動車道,,三豊鳥坂,,,
08-754,高松自動車道,,さぬき豊中,,,
08-755,高松自動車道,,大野原,,,
08-369,高松自動車道,,府中湖スマート,,,
08-772,高知自動車道,,新宮,,,
08-773,高知自動車道,,大豊,,,
08-774,高知自動車道,,南国,,,
08-775,高知自動車道,,高知,,,
08-776,高知自動車道,,伊野,,,
08-777,高知自動車道,,土佐,,,
08-368,高知自動車道,,土佐PAスマート,,,
08-778,高知自動車道,,須崎東,,,
08-484,高知自動車道,,須崎東,,,
01-334,関門自動車道,,門司港,,,
02-801,九州自動車道,,門司,,,
02-839,九州自動車道,,門司本線,,,
02-829,九州自動車道,,新門司,,,
02-802,九州自動車道,,小倉東,,,
02-803,九州自動車道,,小倉南,,,
02-804,九州自動車道,,八幡,,,
02-840,九州自動車道,,馬場山本線,,,
02-798,九州自動車道,,鞍手,,,
02-797,九州自動車道,,宮田スマート,,,
02-805,九州自動車道,,若宮,,,
02-806,九州自動車道,,古賀,,,
02-807,九州自動車道,,福岡,,,
02-830,九州自動車道,,福岡本線,,,
02-873,九州自動車道,,須恵スマート,,,
02-808,九州自動車道,,太宰府,,,
02-828,九州自動車道,,太宰府本線,,,
02-836,九州自動車道,,筑紫野,,,
02-809,九州自動車道,,久留米,,,
02-837,九州自動車道,,広川,,,
02-810,九州自動車道,,八女,,,
02-799,九州自動車道,,みやま柳川,,,
02-811,九州自動車道,,南関,,,
02-812,九州自動車道,,菊水,,,
02-813,九州自動車道,,植木,,,
02-938,九州自動車道,,北熊本スマート,,,
02-814,九州自動車道,,熊本,,,
02-838,九州自動車道,,益城熊本空港,,,
02-936,九州自動車道,,益城本線,,,
02-815,九州自動車道,,御船,,,
02-939,九州自動車道,,城南スマート,,,
02-816,九州自動車道,,松橋,,,
02-937,九州自動車道,,宇城氷川スマート,,,
02-817,九州自動車道,,八代,,,
02-818,九州自動車道,,人吉,,,
02-940,九州自動車道,,人吉球磨スマート,,,
02-820,九州自動車道,,栗野,,,
02-821,九州自動車道,,横川,,,
02-822,九州自動車道,,溝辺鹿児島空港,,,
02-800,九州自動車道,,加治木,,,
02-941,九州自動車道,,桜島スマート,,,
02-824,九州自動車道,,姶良,,,
02-825,九州自動車道,,薩摩吉田,,,
02-827,九州自動車道,,鹿児島北,,,
02-877,九州自動車道,,鹿児島北,,,
02-826,九州自動車道,,鹿児島,,,
02-819,宮崎自動車道,,えびの,,,
02-831,宮崎自動車道,,小林,,,
02-832,宮崎自動車道,,高原,,,
02-833,宮崎自動車道,,都城,,,
02-947,宮崎自動車道,,山之口スマート,,,
02-834,宮崎自動車道,,田野,,,
02-835,宮崎自動車道,,宮崎本線,,,
02-841,長崎自動車道,,鳥栖,,,第一
02-851,長崎自動車道,,鳥栖,,,第二
02-842,長崎自動車道,,東脊振,,,
02-843,長崎自動車道,,佐賀大和,,,
02-943,長崎自動車道,,小城スマート,,,
02-844,長崎自動車道,,多久,,,
02-845,長崎自動車道,,武雄北方,,,
02-853,長崎自動車道,,武雄南本線,,,
02-846,長崎自動車道,,嬉野,,,
02-847,長崎自動車道,,東そのぎ,,,
02-848,長崎自動車道,,大村,,,
02-944,長崎自動車道,,木場スマート,,,
02-849,長崎自動車道,,諫早,,,
02-888,長崎自動車道,,長崎多良見,,,
02-852,長崎自動車道,,長崎芒塚,,,
02-854,長崎自動車道,,長崎,,,
02-887,長崎自動車道,,長崎本線,,,
02-855,大分自動車道,,筑後小郡,,,
02-856,大分自動車道,,甘木,,,
02-857,大分自動車道,,朝倉,,,
02-858,大分自動車道,,杷木,,,
02-859,大分自動車道,,日田,,,
02-860,大分自動車道,,天瀬高塚,,,
02-861,大分自動車道,,玖珠,,,
01-862,大分自動車道,,九重,,,
01-863,大分自動車道,,湯布院,,,
02-942,大分自動車道,,由布岳スマート,,,
01-387,東九州自動車道,,苅田北九州空港,,,
02-900,東九州自動車道,,行橋,,,
02-901,東九州自動車道,,今川スマート,,,
02-902,東九州自動車道,,みやこ豊津,,,
02-906,東九州自動車道,,豊前,,,
02-907,東九州自動車道,,上毛スマート,,,
02-908,東九州自動車道,,中津,,,
01-146,東九州自動車道,,別府湾スマート,,,
01-864,東九州自動車道,,別府,,,
01-865,東九州自動車道,,大分,,,
01-866,東九州自動車道,,大分光吉,,,第一
01-872,東九州自動車道,,大分光吉,,,第二
01-867,東九州自動車道,,大分米良,,,
01-868,東九州自動車道,,大分宮河内,,,
01-869,東九州自動車道,,臼杵,,,
01-870,東九州自動車道,,津久見,,,
01-871,東九州自動車道,,佐伯,,,
14-102,東九州自動車道,,門川本線,,,平成26年2月19日迄
02-931,東九州自動車道,,門川本線,,,平成26年2月20日以降
02-945,東九州自動車道,,門川南スマート,,,
02-933,東九州自動車道,,日向,,,
02-925,東九州自動車道,,都農,,,
02-927,東九州自動車道,,高鍋,,,
02-878,東九州自動車道,,西都,,,
02-946,東九州自動車道,,国富スマート,,,
02-879,東九州自動車道,,宮崎西,,,
02-880,東九州自動車道,,清武,,,
02-934,東九州自動車道,,清武南本線,,,
02-086,東九州自動車道,,末吉財部,,,
02-386,東九州自動車道,,末吉財部,,,
02-085,東九州自動車道,,国分,,,
02-084,東九州自動車道,,隼人東,,,
09-001,沖縄自動車道,,那覇,,,
09-011,沖縄自動車道,,西原本線,,,
09-002,沖縄自動車道,,西原,,,
09-003,沖縄自動車道,,北中城,,,
09-015,沖縄自動車道,,喜舎場スマート,,,
09-004,沖縄自動車道,,沖縄南,,,
09-005,沖縄自動車道,,沖縄北,,,
09-006,沖縄自動車道,,石川,,,
09-007,沖縄自動車道,,屋嘉,,,
09-008,沖縄自動車道,,金武,,,
09-009,沖縄自動車道,,宜野座,,,
09-010,沖縄自動車道,,許田,,,
62-121,深川留萌自動車道,,深川西本線,,,
74-310,日高自動車道,,苫小牧東本線,,,
07-967,百石道路,,下田百石,,,
07-667,百石道路,,下田本線,,入口,
07-569,湯沢横手道路,,十文字,,,
07-469,湯沢横手道路,,十文字本線,,,
28-001,東北中央自動車道,,米沢北,,,平成29年9月28日迄
28-010,東北中央自動車道,,米沢北本線,,,
07-431,東北中央自動車道,,米沢北本線,,,
07-432,東北中央自動車道,,南陽高畠,,,
01-044,東水戸道路,,水戸南,,,
01-045,東水戸道路,,水戸大洗,,,
01-046,東水戸道路,,ひたちなか,,,
01-047,東水戸道路,,ひたちなか本線,,,
04-048,首都圏中央連絡自動車道,,茅ヶ崎JCT合併,,,
04-049,首都圏中央連絡自動車道,,茅ヶ崎JCT,,,
04-050,首都圏中央連絡自動車道,,寒川南,,,
04-051,首都圏中央連絡自動車道,,寒川北,,,
04-052,首都圏中央連絡自動車道,,海老名,,,
04-055,首都圏中央連絡自動車道,,圏央厚木,,,
04-056,首都圏中央連絡自動車道,,相模原愛川,,,
04-057,首都圏中央連絡自動車道,,相模原,,,
04-058,首都圏中央連絡自動車道,,高尾山,,,
01-059,首都圏中央連絡自動車道,,八王子西,,,
01-060,首都圏中央連絡自動車道,,あきる野,,,
01-061,首都圏中央連絡自動車道,,日の出,,,
01-062,首都圏中央連絡自動車道,,青梅,,,
01-063,首都圏中央連絡自動車道,,入間,,,
01-064,首都圏中央連絡自動車道,,狭山日高,,,
01-065,首都圏中央連絡自動車道,,圏央鶴ヶ島,,,
01-463,首都圏中央連絡自動車道,,坂戸,,,
01-464,首都圏中央連絡自動車道,,川島,,,
04-078,首都圏中央連絡自動車道,,桶川北本,,,
04-076,首都圏中央連絡自動車道,,桶川加納,,,
04-074,首都圏中央連絡自動車道,,白岡菖蒲,,,
04-079,首都圏中央連絡自動車道,,幸手,,,
04-080,首都圏中央連絡自動車道,,五霞,,,
04-081,首都圏中央連絡自動車道,,境古河,,,
04-082,首都圏中央連絡自動車道,,坂東,,,
04-083,首都圏中央連絡自動車道,,常総,,,
04-072,首都圏中央連絡自動車道,,つくば中央,,,
01-066,首都圏中央連絡自動車道,,つくば牛久,,,
01-067,首都圏中央連絡自動車道,,牛久阿見,,,
01-068,首都圏中央連絡自動車道,,阿見東,,,
04-069,首都圏中央連絡自動車道,,稲敷,,,
04-070,首都圏中央連絡自動車道,,稲敷東,,,
04-071,首都圏中央連絡自動車道,,神崎,,,
04-073,首都圏中央連絡自動車道,,下総,,,
03-048,首都圏中央連絡自動車道,,木更津東,,,
03-105,首都圏中央連絡自動車道,,大網白里スマート,,,
03-045,首都圏中央連絡自動車道,,茂原北,,,
03-046,首都圏中央連絡自動車道,,茂原長南,,,
03-047,首都圏中央連絡自動車道,,市原鶴舞,,,
03-100,首都圏中央連絡自動車道,,東金,,,第二
03-102,首都圏中央連絡自動車道,,山武成東,,,
03-104,首都圏中央連絡自動車道,,松尾横芝,,,
03-113,首都圏中央連絡自動車道,,松尾横芝本線,,,
03-567,京葉道路,,首都高速7号接続,上り,,
03-566,京葉道路,,首都高速7号接続,下り,,
03-568,京葉道路,,篠崎,上り,,
03-569,京葉道路,,篠崎,下り,,
03-571,京葉道路,,京葉JCT,上り,,
03-077,京葉道路,,原木,,,
03-576,京葉道路,,原木,上り,,
03-575,京葉道路,,原木,下り,,
03-078,京葉道路,,船橋本線,上り,,
03-080,京葉道路,,船橋本線,下り,,
03-090,京葉道路,,船橋本線,下り,,
03-079,京葉道路,,船橋,,,
03-071,京葉道路,,船橋,下り,入口,
03-076,京葉道路,,船橋,下り,入口,
03-072,京葉道路,,花輪,,,
03-081,京葉道路,,千葉西,,,
03-082,京葉道路,,穴川西,,,
03-083,京葉道路,,穴川中,,,
03-085,京葉道路,,穴川東,,,
03-084,京葉道路,,貝塚,,,
03-086,京葉道路,,松ヶ丘北,,,
03-087,京葉道路,,松ヶ丘南,,,
03-088,京葉道路,,蘇我,,,
03-188,京葉道路,,蘇我南,,,
03-091,千葉東金道路,,千葉東,,,
03-092,千葉東金道路,,大宮,,,
03-093,千葉東金道路,,高田,,,
03-094,千葉東金道路,,中野,,,
03-095,千葉東金道路,,山田,,,
03-101,千葉東金道路,,東金,,,第一
03-052,東京湾アクアライン連絡道,,木更津金田,,,第二
03-051,東京湾アクアライン連絡道,,袖ヶ浦,,,第一
03-050,東京湾アクアライン連絡道,,袖ヶ浦,,,第二
31-053,東京湾アクアライン,,木更津金田,,,第一
31-953,東京湾アクアライン,,木更津金田,,,第一
03-054,東京湾アクアライン,,木更津金田,,,第一 木更津本線、木更津→川崎
31-057,東京湾アクアライン,,木更津金田,,,第一 木更津本線、川崎→木更津
31-957,東京湾アクアライン,,木更津金田,,,第一 木更津本線、川崎→木更津
31-055,東京湾アクアライン,,海ほたる,,,
03-027,富津館山道路,,富津竹岡,,,
03-028,富津館山道路,,富津金谷,,,
03-029,富津館山道路,,鋸南保田,,,
03-030,富津館山道路,,鋸南富山,,,
03-031,富津館山道路,,富浦,,,
20-001,第三京浜道路,,玉川本線,,,
20-002,第三京浜道路,,京浜川崎,,,
20-102,第三京浜道路,,京浜川崎,,,
20-004,第三京浜道路,,都筑,,,
20-005,第三京浜道路,,港北,,,
20-105,第三京浜道路,,港北,,,
20-205,第三京浜道路,,港北,,,
20-006,第三京浜道路,,保土ヶ谷本線,,,
20-106,第三京浜道路,,保土ヶ谷本線,,,
21-001,横浜新道,,新保土ヶ谷,上り,,
21-101,横浜新道,,新保土ヶ谷,下り,,
21-004,横浜新道,,戸塚本線,上り,,
21-204,横浜新道,,戸塚本線,上り,,
21-104,横浜新道,,戸塚本線,下り,,
21-304,横浜新道,,戸塚本線,下り,,
21-002,横浜新道,,今井,,,
21-102,横浜新道,,今井,,,
21-003,横浜新道,,川上,,,
08-001,横浜横須賀道路,,六ッ川本線,,,
08-101,横浜横須賀道路,,六ッ川本線,,,
08-002,横浜横須賀道路,,別所,,,
08-003,横浜横須賀道路,,日野,,,
08-004,横浜横須賀道路,,港南台,,,
08-005,横浜横須賀道路,,朝比奈,,,
08-006,横浜横須賀道路,,逗子,,,
08-007,横浜横須賀道路,,横須賀,,,
08-008,横浜横須賀道路,,衣笠,,,
08-009,横浜横須賀道路,,佐原,,,
08-010,横浜横須賀道路,,佐原本線,,,
08-011,横浜横須賀道路,,釜利谷本線,,,
08-012,横浜横須賀道路,,金沢自然公園,,,
83-004,小田原厚木道路,,平塚東,,,
83-204,小田原厚木道路,,平塚東,,,
83-904,小田原厚木道路,,平塚東,,,
83-003,小田原厚木道路,,平塚本線,上り,,
83-806,小田原厚木道路,,平塚本線,上り,,
83-203,小田原厚木道路,,平塚本線,上り,,
83-103,小田原厚木道路,,平塚本線,下り,,
83-906,小田原厚木道路,,平塚本線,下り,,
83-303,小田原厚木道路,,平塚本線,下り,,
83-002,小田原厚木道路,,小田原本線,上り,,
83-807,小田原厚木道路,,小田原本線,上り,,
83-102,小田原厚木道路,,小田原本線,下り,,
83-907,小田原厚木道路,,小田原本線,下り,,
83-001,小田原厚木道路,,小田原東,,,
83-201,小田原厚木道路,,小田原東,,,
83-901,小田原厚木道路,,小田原東,,,
01-470,京滋バイパス,,石山,,,
01-471,京滋バイパス,,南郷,,,
01-472,京滋バイパス,,笠取,,,
01-473,京滋バイパス,,宇治東,,,
01-474,京滋バイパス,,宇治西,,,
01-475,京滋バイパス,,巨椋,,,
01-476,京滋バイパス,,久御山,,,
01-477,京滋バイパス,,久御山淀,,,
46-001,西湘バイパス,,橘,,,
46-101,西湘バイパス,,橘,,,
46-003,西湘バイパス,,石橋,,,
46-004,西湘バイパス,,国府津,,,
57-004,新湘南バイパス,,茅ヶ崎JCT合併,,,
57-001,新湘南バイパス,,茅ヶ崎,,,
57-102,新湘南バイパス,,茅ヶ崎中央,,,
57-002,新湘南バイパス,,茅ヶ崎中央,,,
57-005,新湘南バイパス,,茅ヶ崎中央,,,
57-111,新湘南バイパス,,茅ヶ崎西,,,
57-003,新湘南バイパス,,茅ヶ崎海岸,,,
69-001,八王子バイパス,,御殿山,,,平成27年10月31日 無料開放
70-001,東富士五湖道路,,富士吉田,,,本線含む
70-101,東富士五湖道路,,富士吉田,,,本線含む
70-003,東富士五湖道路,,須走,,,
34-002,安房峠道路,,平湯,,,
01-181,東海環状自動車道,,豊田松平,,,
01-227,東海環状自動車道,,鞍ヶ池スマート,,,
01-228,東海環状自動車道,,鞍ヶ池スマート,,,
01-182,東海環状自動車道,,豊田勘八,,,
01-183,東海環状自動車道,,豊田藤岡,,,
01-184,東海環状自動車道,,せと赤津,,,
01-185,東海環状自動車道,,せと品野,,,
01-186,東海環状自動車道,,土岐南多治見,,,
01-226,東海環状自動車道,,五斗蒔スマート,,,
01-187,東海環状自動車道,,可児御嵩,,,
01-188,東海環状自動車道,,美濃加茂,,,
01-189,東海環状自動車道,,富加関,,,
06-190,東海環状自動車道,,関広見,,,
06-195,東海環状自動車道,,大垣西,,,
06-115,東海環状自動車道,,養老,,,
06-119,東海環状自動車道,,東員,,,
06-118,東海環状自動車道,,大安,,,
04-901,京都縦貫自動車道,,長岡京,南行き,,
04-902,京都縦貫自動車道,,長岡京,北行き,,
04-903,京都縦貫自動車道,,大原野,,,
04-904,京都縦貫自動車道,,沓掛,,,
58-002,京都縦貫自動車道,,篠,,,平成25年4月20日迄
04-905,京都縦貫自動車道,,篠,,,平成25年4月21日以降
58-001,京都縦貫自動車道,,篠本線,,,平成25年4月20日迄
04-906,京都縦貫自動車道,,篠本線,,,平成25年4月21日以降
58-003,京都縦貫自動車道,,亀岡,,,
58-013,京都縦貫自動車道,,亀岡,,,
58-004,京都縦貫自動車道,,大井,,,
58-014,京都縦貫自動車道,,大井,,,
58-005,京都縦貫自動車道,,八木東,,,
58-015,京都縦貫自動車道,,八木東,,,
58-006,京都縦貫自動車道,,八木本線,,,
04-912,京都縦貫自動車道,,八木本線,,,
58-007,京都縦貫自動車道,,八木西,,,
04-913,京都縦貫自動車道,,八木西,,,
58-017,京都縦貫自動車道,,八木西,,,
58-008,京都縦貫自動車道,,園部,,,
04-914,京都縦貫自動車道,,園部,,,
04-915,京都縦貫自動車道,,丹波,,,
06-439,第二京阪道路,,山科,,,
23-008,第二京阪道路,,山科,,,
06-438,第二京阪道路,,鴨川東,,,
06-437,第二京阪道路,,鴨川西本線,,,
06-436,第二京阪道路,,鴨川西,,,
23-006,第二京阪道路,,鴨川西,,,
06-435,第二京阪道路,,上鳥羽,,,
23-005,第二京阪道路,,上鳥羽,,,
06-434,第二京阪道路,,城南宮北,,,
23-004,第二京阪道路,,城南宮北,,,
06-433,第二京阪道路,,城南宮南,,,
23-003,第二京阪道路,,城南宮南,,,
06-432,第二京阪道路,,伏見,,,
23-002,第二京阪道路,,伏見,,,
01-141,第二京阪道路,,巨椋池本線,,,
06-431,第二京阪道路,,巨椋池本線,,,
06-990,第二京阪道路,,巨椋池本線,,,
01-136,第二京阪道路,,巨椋池,,,
01-137,第二京阪道路,,久御山南,,,
01-138,第二京阪道路,,八幡東,,,
01-139,第二京阪道路,,京田辺本線,,,平成21年11月18日まで
01-140,第二京阪道路,,京田辺本線,,,平成21年11月19日～平成22年3月20日まで
06-493,第二京阪道路,,京田辺本線,,,
06-497,第二京阪道路,,京田辺本線,,,
06-380,第二京阪道路,,京田辺本線,,,
06-385,第二京阪道路,,京田辺本線,,,
06-562,第二京阪道路,,京田辺本線,,,
06-498,第二京阪道路,,京田辺本線,下り,,
06-499,第二京阪道路,,京田辺本線,上り,,
06-502,第二京阪道路,,京田辺本線,上り,,
06-503,第二京阪道路,,京田辺松井,,,
06-451,第二京阪道路,,京田辺松井,,,
06-563,第二京阪道路,,京田辺松井,,,
06-504,第二京阪道路,,枚方東,上り,,
06-505,第二京阪道路,,枚方東,下り,,
06-523,第二京阪道路,,枚方東,下り,,
06-387,第二京阪道路,,枚方東,下り,,
06-452,第二京阪道路,,枚方東,,,
06-564,第二京阪道路,,枚方東,,,
06-506,第二京阪道路,,枚方学研,,,
06-453,第二京阪道路,,枚方学研,,,
06-565,第二京阪道路,,枚方学研,,,
06-507,第二京阪道路,,交野北,上り,,
06-388,第二京阪道路,,交野北,下り,,
06-454,第二京阪道路,,交野北,,,
06-566,第二京阪道路,,交野北,,,
06-508,第二京阪道路,,交野南,上り,,
06-509,第二京阪道路,,交野南,下り,,
06-455,第二京阪道路,,交野南,,,
06-567,第二京阪道路,,交野南,,,
06-299,第二京阪道路,,交野南,,,
06-510,第二京阪道路,,寝屋川北,下り,,
06-511,第二京阪道路,,寝屋川北,上り,,
06-456,第二京阪道路,,寝屋川北,,,
06-569,第二京阪道路,,寝屋川北,,,
06-512,第二京阪道路,,寝屋川南,上り,,
06-513,第二京阪道路,,寝屋川南,下り,,
06-457,第二京阪道路,,寝屋川南,,,
06-571,第二京阪道路,,寝屋川南,,,
06-514,第二京阪道路,,第二京阪門真,下り,,
06-515,第二京阪道路,,第二京阪門真,上り,,
06-458,第二京阪道路,,第二京阪門真,,,
06-573,第二京阪道路,,第二京阪門真,,,
06-518,第二京阪道路,,門真本線,,,合併
06-459,第二京阪道路,,門真本線,,,
06-992,第二京阪道路,,門真JCT,,,
53-001,京奈和自動車道,,田辺北,,,
53-011,京奈和自動車道,,田辺北,,,
53-002,京奈和自動車道,,田辺西,,,
53-012,京奈和自動車道,,田辺西,,,
53-003,京奈和自動車道,,田辺西本線,,,奈良（木津）方面から京都（城陽）方面への本線で利用可能
53-022,京奈和自動車道,,田辺西本線,,,奈良（木津）方面から京都（城陽）方面への本線で利用可能
53-004,京奈和自動車道,,精華下狛,,,
53-014,京奈和自動車道,,精華下狛,,,
53-005,京奈和自動車道,,精華下狛本線,,,京都（城陽）方面から奈良（木津）方面への本線で利用可能
53-024,京奈和自動車道,,精華下狛本線,,,京都（城陽）方面から奈良（木津）方面への本線で利用可能
53-006,京奈和自動車道,,精華学研,,,
53-016,京奈和自動車道,,精華学研,,,
53-007,京奈和自動車道,,木津,,,
53-017,京奈和自動車道,,木津,,,
06-091,湯浅御坊道路,,有田南,,,
06-092,湯浅御坊道路,,湯浅,,,
06-093,湯浅御坊道路,,広川,,,
06-096,湯浅御坊道路,,広川南,,,
06-094,湯浅御坊道路,,川辺,,,
06-095,湯浅御坊道路,,御坊,,,
81-005,第二神明道路,,明石西本線,上り,,
81-015,第二神明道路,,明石西本線,上り,,
81-105,第二神明道路,,明石西本線,下り,,
81-115,第二神明道路,,明石西本線,下り,,
06-413,第二神明道路,,明石西,,,
81-004,第二神明道路,,大久保,,,
81-014,第二神明道路,,大久保,,,
81-027,第二神明道路,,大久保,,,
06-411,第二神明道路,,大久保,,,
06-412,第二神明道路,,大久保,,,
81-026,第二神明道路,,玉津,,,
06-410,第二神明道路,,玉津,,,
81-025,第二神明道路,,伊川谷,,,
06-409,第二神明道路,,伊川谷,,,
03-831,第二神明道路,,伊川谷JCT,,,
03-832,第二神明道路,,伊川谷JCT,,,
81-024,第二神明道路,,大蔵谷,,,
06-408,第二神明道路,,大蔵谷,,,
81-003,第二神明道路,,高丸,,,
81-013,第二神明道路,,高丸,,,
81-023,第二神明道路,,高丸,,,
06-406,第二神明道路,,高丸,,,
06-407,第二神明道路,,高丸,,,
81-002,第二神明道路,,名谷,,,
81-012,第二神明道路,,名谷,,,
81-022,第二神明道路,,名谷,,,
06-404,第二神明道路,,名谷,,,
06-405,第二神明道路,,名谷,,,
81-001,第二神明道路,,須磨本線,,,
81-011,第二神明道路,,須磨本線,,,
03-822,第二神明道路,,須磨本線,,,
06-400,第二神明道路,,須磨本線,,,
81-101,第二神明道路,,須磨本線,,,合併
81-111,第二神明道路,,須磨本線,,,合併
81-211,第二神明道路,,須磨本線,,,合併
06-401,第二神明道路,,須磨本線,,,合併
06-402,第二神明道路,,須磨本線,,,合併
81-021,第二神明道路,,須磨,,,
06-403,第二神明道路,,須磨,,,
81-028,第二神明道路北線,,長坂,,,
06-414,第二神明道路北線,,長坂,,,
81-006,第二神明道路北線,,学園南,,,
81-016,第二神明道路北線,,学園南,,,
06-415,第二神明道路北線,,学園南,,,
81-007,第二神明道路北線,,垂水,,,第一
81-017,第二神明道路北線,,垂水,,,第一
06-416,第二神明道路北線,,垂水,,,第一
06-418,第二神明道路北線,,垂水,,,第一
06-419,第二神明道路北線,,垂水,,,第二
81-008,第二神明道路北線,,垂水,,,第三
81-018,第二神明道路北線,,垂水,,,第三
06-417,第二神明道路北線,,垂水,,,第三
06-420,第二神明道路北線,,垂水JCT,,,
81-009,第二神明道路北線,,垂水JCT,,,
47-002,関西国際空港連絡橋,,関西国際空港,,,平成25年3月29日迄
47-102,関西国際空港連絡橋,,関西国際空港,,,平成25年3月30日以降
47-103,関西国際空港連絡橋,,関空橋税,,,
01-728,広島岩国道路,,廿日市,,,
01-729,広島岩国道路,,大野,,,
01-730,広島岩国道路,,大竹,,,
90-101,広島呉道路,,坂,,,
09-270,広島呉道路,,坂,,,
90-102,広島呉道路,,天応西,,,
90-103,広島呉道路,,天応,,,
01-376,江津道路,,江津,,,
01-375,江津道路,,江津西,,,
01-374,江津道路,,浜田東,,,
08-282,今治小松自動車道,,今治湯ノ浦,,,
08-283,今治小松自動車道,,東予丹原,,,
08-284,今治小松自動車道,,いよ小松北,,,
95-001,長崎バイパス,,川平,,,
95-002,長崎バイパス,,川平,,,合併
95-012,長崎バイパス,,川平,,,合併
95-003,長崎バイパス,,川平本線,,,
95-103,長崎バイパス,,川平本線,,,
95-004,長崎バイパス,,川平本線,,,合併
95-014,長崎バイパス,,川平本線,,,合併
97-901,西九州自動車道,,福岡西,,,
97-902,西九州自動車道,,前原,,,
97-903,西九州自動車道,,今宿,,,
59-001,西九州自動車道,,武雄南本線,,,
59-011,西九州自動車道,,武雄南本線,,,
59-003,西九州自動車道,,佐世保三川内本線,,,
59-013,西九州自動車道,,佐世保三川内本線,,,
59-004,西九州自動車道,,佐世保三川内,,,
59-014,西九州自動車道,,佐世保三川内,,,
59-007,西九州自動車道,,佐世保大塔,,,
02-903,東九州自動車道,,築城,,,
02-905,東九州自動車道,,椎田南,,,
02-909,東九州自動車道,,宇佐,,,
01-884,東九州自動車道,,院内本線,,,平成26年9月16日迄
01-882,東九州自動車道,,安心院,,,
01-885,東九州自動車道,,大分農業文化公園,,,
01-881,東九州自動車道,,速見,,,
01-886,東九州自動車道,,速見本線,,,
96-001,日出バイパス,,速見,,,
02-337,八代日奈久道路,,八代南,,,
02-338,八代日奈久道路,,日奈久,,,
02-379,八代日奈久道路,,日奈久本線,,,
14-001,東九州自動車道,,門川,,,
14-011,東九州自動車道,,門川,,,
89-001,南九州自動車道,,松元,,,
89-101,南九州自動車道,,松元,,,
89-002,南九州自動車道,,松元本線,,,
89-102,南九州自動車道,,松元本線,,,
89-005,南九州自動車道,,美山本線,,,
89-105,南九州自動車道,,美山本線,,,
02-083,東九州自動車道,,隼人西,,,
98-001,山麓バイパス,,天王谷,,,本線
98-002,山麓バイパス,,天王谷,,,インター
98-003,新神戸トンネル,,箕谷,,,公社単独 平成24年9月30日迄
98-103,新神戸トンネル,,箕谷,,,阪高合併 平成24年9月30日迄
98-004,六甲北有料道路,,柳谷,,,公社単独
98-007,六甲北有料道路,,有野,,,
98-009,六甲北有料道路,,大沢,,,
98-104,六甲北有料道路,,柳谷,,,阪高合併
98-005,六甲有料道路,,六甲,,,平成19年12月11日迄
98-006,六甲有料道路,,六甲山トンネル,,,
04-916,丹波綾部道路,,京丹波みずほ,,,
01-260,丹波綾部道路,,京丹波わち,,,
01-261,丹波綾部道路,,綾部安国寺,,,
01-382,綾部宮津道路,,舞鶴大江,,,
01-383,綾部宮津道路,,宮津天橋立,,,
01-388,綾部宮津道路,,宮津天橋立本線,,,
45-001,南阪奈有料道路,,たじはや,,,平成30年3月31日迄
45-002,南阪奈有料道路,,たじはや合併,,,平成30年3月31日迄
45-012,南阪奈有料道路,,たじはや合併,,,平成30年3月31日迄
26-041,堺泉北有料道路,,平井本線,,,平成30年3月31日迄
44-001,堺泉北有料道路,,平井本線,,,平成30年3月31日迄
26-141,堺泉北有料道路,,平井本線,,,平成30年3月31日迄
44-002,堺泉北有料道路,,太平寺・平井,,,平成30年3月31日迄
44-004,堺泉北有料道路,,菱木本線,,,平成30年3月31日迄
33-001,箕面グリーンロード,,止々呂美,,,
33-011,箕面グリーンロード,,止々呂美,,,
01-150,播但連絡道路,,花田,,,均一
02-250,播但連絡道路,,花田,,,均一
01-151,播但連絡道路,,花田本線,,,
01-152,播但連絡道路,,花田,,,
01-153,播但連絡道路,,豊富,,,
01-154,播但連絡道路,,砥堀,,,
01-155,播但連絡道路,,船津,,,
01-156,播但連絡道路,,福崎南,,,
01-157,播但連絡道路,,福崎北,,,
01-158,播但連絡道路,,市川南,,,
01-159,播但連絡道路,,市川北,,,
01-160,播但連絡道路,,神崎南,,,
01-161,播但連絡道路,,神崎北,,,
01-162,播但連絡道路,,生野,,,
01-163,播但連絡道路,,生野北,,,第一
01-164,播但連絡道路,,生野北,,,第二
01-165,播但連絡道路,,朝来,,,
01-166,播但連絡道路,,和田山,,,
01-167,播但連絡道路,,和田山,,,
01-149,遠阪トンネル,,遠阪トンネル,,,
88-249,遠阪トンネル,,遠阪トンネル,,,
56-047,常陸那珂有料道路,,ひたちなか本線,,,
84-018,流山有料道路,,流山,,,平成27年4月14日 無料開放
30-113,銚子連絡道路,,松尾横芝,,,
55-019,日立有料道路,,日立中央,,,
67-668,能越自動車道,,小矢部東本線,,,
85-888,ながさき出島道路,,ながさき出島道路,,,
95-102,川平有料道路,,川平,,,
95-112,川平有料道路,,川平,,,
95-104,川平有料道路,,川平本線,,,
95-114,川平有料道路,,川平本線,,,
09-200,広島高速道路,1号線,都市高速広島東,,入口,
38-200,広島高速道路,1号線,都市高速広島東,,入口,
09-201,広島高速道路,1号線,都市高速広島東,,出口,
38-201,広島高速道路,1号線,都市高速広島東,,出口,
09-210,広島高速道路,1号線,福田,,入口,
38-210,広島高速道路,1号線,福田,,入口,
09-211,広島高速道路,1号線,福田,,出口,
38-211,広島高速道路,1号線,福田,,出口,
09-212,広島高速道路,1号線,馬木,,入口,
38-212,広島高速道路,1号線,馬木,,入口,
09-213,広島高速道路,1号線,馬木,,出口,
38-213,広島高速道路,1号線,馬木,,出口,
09-214,広島高速道路,1号線,温品,,入口,
38-214,広島高速道路,1号線,温品,,入口,
09-215,広島高速道路,1号線,温品,,出口,
38-215,広島高速道路,1号線,温品,,出口,
09-216,広島高速道路,1号線,間所,,入口,
38-216,広島高速道路,1号線,間所,,入口,
09-217,広島高速道路,1号線,間所,,出口,
38-217,広島高速道路,1号線,間所,,出口,
09-220,広島高速道路,2号線,矢賀,,入口,
38-220,広島高速道路,2号線,矢賀,,入口,
09-221,広島高速道路,2号線,矢賀,,出口,
38-221,広島高速道路,2号線,矢賀,,出口,
09-222,広島高速道路,2号線,府中,,入口,
38-222,広島高速道路,2号線,府中,,入口,
09-223,広島高速道路,2号線,府中,,出口,
38-223,広島高速道路,2号線,府中,,出口,
09-226,広島高速道路,2号線,大州,,入口,
38-226,広島高速道路,2号線,大州,,入口,
09-227,広島高速道路,2号線,大州,,出口,
38-227,広島高速道路,2号線,大州,,出口,
09-228,広島高速道路,2号線,東雲,,入口,
38-228,広島高速道路,2号線,東雲,,入口,
09-229,広島高速道路,2号線,東雲,,出口,
38-229,広島高速道路,2号線,東雲,,出口,
09-264,広島高速道路,2号線,仁保,,入口,
38-264,広島高速道路,2号線,仁保,,入口,
09-265,広島高速道路,2号線,仁保,,出口,
38-265,広島高速道路,2号線,仁保,,出口,
09-230,広島高速道路,3号線,宇品,,入口,
38-230,広島高速道路,3号線,宇品,,入口,
09-231,広島高速道路,3号線,宇品,,出口,
38-231,広島高速道路,3号線,宇品,,出口,
09-232,広島高速道路,3号線,出島,,入口,
38-232,広島高速道路,3号線,出島,,入口,
09-233,広島高速道路,3号線,出島,,出口,
38-233,広島高速道路,3号線,出島,,出口,
09-234,広島高速道路,3号線,吉島,,入口,
38-234,広島高速道路,3号線,吉島,,入口,
09-235,広島高速道路,3号線,吉島,,出口,
38-235,広島高速道路,3号線,吉島,,出口,
09-236,広島高速道路,3号線,都市高速観音,,入口,
38-236,広島高速道路,3号線,都市高速観音,,入口,
09-237,広島高速道路,3号線,都市高速観音,,出口,
38-237,広島高速道路,3号線,都市高速観音,,出口,
38-240,広島高速道路,4号線,沼田,上り,,
38-241,広島高速道路,4号線,沼田,下り,,
09-260,臨港道路海田大橋,,海田広島,,入口,
38-260,臨港道路海田大橋,,海田広島,,入口,
09-261,臨港道路海田大橋,,海田広島,,出口,
38-261,臨港道路海田大橋,,海田広島,,出口,
09-262,臨港道路海田大橋,,海田,下り,出口,海田大橋
38-262,臨港道路海田大橋,,海田,下り,出口,海田大橋
09-263,臨港道路海田大橋,,海田,上り,出口,海田大橋
38-263,臨港道路海田大橋,,海田,上り,出口,海田大橋
38-270,広島呉道路,,坂本線,,入口,
09-271,広島呉道路,,坂本線,,出口,
38-271,広島呉道路,,坂本線,,出口,
01-354,山口宇部道路,,嘉川・由良,,,平成24年3月28日 無料開放
01-355,山口宇部道路,,阿知須,,,平成24年3月28日 無料開放
01-356,山口宇部道路,,宇部東,,,平成24年3月28日 無料開放
01-357,山口宇部道路,,宇部南,,,平成24年3月28日 無料開放
73-005,日光宇都宮道路,,篠井,,,
73-001,日光宇都宮道路,,大沢本線,,,
73-002,日光宇都宮道路,,大沢,,,
73-003,日光宇都宮道路,,日光本線,,,
73-004,日光宇都宮道路,,日光,,,
60-001,指宿スカイライン,,山田,,,
40-001,琵琶湖大橋有料道路,,琵琶湖大橋有料道路,,,
